persona_id,query_id,persona,geography,query,language,english_gloss,journey_stage,intent,agent_cluster,persona_assessed_product_fit,fit_reason,user_need,query_provenance,exact_query_executed_in_research,raw_agent_evidence_label,supporting_source_urls,monthly_searches,organic_difficulty,cpc
p01,p01-q01,Selective London Python engineer,London; considering European product companies that employ remote workers based in the UK,remote python jobs UK,en,remote python jobs UK,problem,commercial,remote-python-jobs,medium,"Relevant role and location filters exist, but broad discovery does not yet use the existing employer shortlist.",Find plausible opportunities without leaving London.,synthetic persona hypothesis,False,hypothesis,,,,
p01,p01-q02,Selective London Python engineer,London; considering European product companies that employ remote workers based in the UK,senior backend engineer jobs Europe,en,senior backend engineer jobs Europe,problem,commercial,senior-backend-jobs,medium,Useful discovery filters; Europe alone does not establish UK employment eligibility.,Survey whether an attractive move is available.,synthetic persona hypothesis,False,hypothesis,,,,
p01,p01-q03,Selective London Python engineer,London; considering European product companies that employ remote workers based in the UK,software engineering jobs with salary listed,en,software engineering jobs with salary listed,problem,commercial,salary-transparent-jobs,medium,Salary filters help where postings disclose compensation; completeness needs evidence.,Avoid investing in roles with unknown compensation.,synthetic persona hypothesis,False,hypothesis,,,,
p01,p01-q04,Selective London Python engineer,London; considering European product companies that employ remote workers based in the UK,senior python backend engineer remote UK salary Europe product companies,en,senior python backend engineer remote UK salary Europe product companies,discovery,commercial,remote-python-jobs,medium,"Several filters fit, but company type and source completeness remain checks.","Combine core role, location and pay needs.",synthetic persona hypothesis,True,serp-observed,https://www.korelabs.cloud/careers/senior-backend-engineer | https://www.interactconsulting.co.uk/view-job-details-senior-python-backend-engineer-fully-remote-uk-v6046.aspx | https://job-boards.greenhouse.io/grafanalabs/jobs/6126889004?from_theconsensus=1,,,
p01,p01-q05,Selective London Python engineer,London; considering European product companies that employ remote workers based in the UK,backend engineer jobs without on call,en,backend engineer jobs without on call,discovery,commercial,engineering-work-conditions,medium,Pro description checks can assess explicit statements; missing policy cannot count as absence.,Avoid roles with an operational rota.,synthetic persona hypothesis,False,hypothesis,,,,
p01,p01-q06,Selective London Python engineer,London; considering European product companies that employ remote workers based in the UK,European tech companies hiring remotely in the UK,en,European tech companies hiring remotely in the UK,discovery,informational,uk-remote-eligibility,medium,"Company discovery helps, but role-specific source evidence is needed.",Check which companies can accommodate the UK location.,synthetic persona hypothesis,False,hypothesis,,,,
p01,p01-q07,Selective London Python engineer,London; considering European product companies that employ remote workers based in the UK,English speaking backend jobs Europe remote,en,English speaking backend jobs Europe remote,discovery,commercial,english-speaking-engineering,medium,Posting-language filtering is useful but does not verify workplace language.,Avoid openings requiring another working language.,synthetic persona hypothesis,False,hypothesis,,,,
p01,p01-q08,Selective London Python engineer,London; considering European product companies that employ remote workers based in the UK,job alerts from specific companies,en,job alerts from specific companies,evaluation,commercial,company-job-alerts,high,Company selection plus saved searches and email alerts directly address the workflow.,Replace repeated visits to the existing shortlist.,synthetic persona hypothesis,False,hypothesis,,,,
p01,p01-q09,Selective London Python engineer,London; considering European product companies that employ remote workers based in the UK,get job alerts from specific companies careers pages keyword filters no on call,en,get job alerts from specific companies careers pages keyword filters no on call,evaluation,commercial,career-page-monitoring,high,"Core monitoring fits and Pro checks add description criteria, with unknowns preserved.",Find monitoring that also handles a deal-breaker in description text.,synthetic persona hypothesis,True,serp-observed,https://jobbeacon.app/,,,
p01,p01-q10,Selective London Python engineer,London; considering European product companies that employ remote workers based in the UK,LinkedIn job alerts only companies I choose,en,LinkedIn job alerts only companies I choose,evaluation,informational,company-job-alerts,high,"A useful alternative-oriented entry point, provided comparisons are tested and accurate.",Try an already familiar platform before adding another account.,synthetic persona hypothesis,False,hypothesis,,,,
p01,p01-q11,Selective London Python engineer,London; considering European product companies that employ remote workers based in the UK,JobBeacon alternative salary filters,en,JobBeacon alternative salary filters,evaluation,commercial,career-page-monitor-comparison,high,Job Seek can demonstrate salary search and additional description criteria without making unsupported competitor claims.,Compare a retrieved monitoring tool with a search that includes pay.,synthetic persona hypothesis,False,hypothesis,,,,
p01,p01-q12,Selective London Python engineer,London; considering European product companies that employ remote workers based in the UK,how to tell if remote Europe jobs accept UK applicants,en,how to tell if remote Europe jobs accept UK applicants,evaluation,informational,uk-remote-eligibility,medium,"A source-reading guide could lead to the product, but employer confirmation may still be necessary.",Resolve ambiguous remote labels before applying.,synthetic persona hypothesis,False,hypothesis,,,,
p01,p01-q13,Selective London Python engineer,London; considering European product companies that employ remote workers based in the UK,Job Seek company coverage,en,Job Seek company coverage,action,navigational,jobseek-coverage,high,Coverage is the decisive activation test; missing-company requests are available.,Verify that the existing shortlist can be followed.,synthetic persona hypothesis,False,hypothesis,,,,
p01,p01-q14,Selective London Python engineer,London; considering European product companies that employ remote workers based in the UK,Job Seek free job alerts multiple companies,en,Job Seek free job alerts multiple companies,action,transactional,jobseek-alert-setup,high,Free search and alerts fit; explain grouping and the ten-watchlist limit clearly.,Set up a small number of useful alerts.,synthetic persona hypothesis,False,hypothesis,,,,
p02,p02-q01,Urgent Berlin Java and TypeScript searcher,Berlin; remote employment within Germany also acceptable,Softwareentwickler Jobs Berlin,de,Software developer jobs Berlin,discovery,transactional,role-location jobs,medium,"Role and location search fits, but company-first onboarding can slow someone with no shortlist.",See a broad set of local openings immediately.,synthetic persona hypothesis,False,hypothesis,,,,
p02,p02-q02,Urgent Berlin Java and TypeScript searcher,Berlin; remote employment within Germany also acceptable,Java Entwickler Jobs Berlin hybrid remote Deutschland,de,Java developer jobs Berlin hybrid remote Germany,discovery,transactional,Java Germany flexible work,high,Technology and location filters help; exact remote conditions still require source inspection.,Find Java roles with a workable location arrangement.,synthetic persona hypothesis,True,serp-observed,https://www.stepstone.de/jobs/entwickler-java/in-berlin | https://de.indeed.com/q-remote-java-developer-l-berlin-jobs.html | https://hubject-gmbh.jobs.personio.com/job/2740561?language=en,,,
p02,p02-q03,Urgent Berlin Java and TypeScript searcher,Berlin; remote employment within Germany also acceptable,TypeScript developer jobs Germany remote,en,TypeScript developer jobs Germany remote,discovery,transactional,TypeScript Germany remote,high,"Technology search can support an adjacent skill search, subject to employer coverage.",Expand beyond Java without changing geography.,synthetic persona hypothesis,False,hypothesis,,,,
p02,p02-q04,Urgent Berlin Java and TypeScript searcher,Berlin; remote employment within Germany also acceptable,software engineer jobs Berlin English,en,software engineer jobs Berlin English,discovery,transactional,English software jobs Berlin,medium,Posting-language filters help find English text; they do not establish workplace language requirements.,Include international teams and English advertisements.,synthetic persona hypothesis,False,hypothesis,,,,
p02,p02-q05,Urgent Berlin Java and TypeScript searcher,Berlin; remote employment within Germany also acceptable,Java Entwickler Stellen ab sofort Berlin,de,Java developer openings immediate start Berlin,problem,transactional,urgent developer search,medium,"Descriptions may mention start dates, but Job Seek cannot establish hiring speed or guarantee an immediate start.",Prioritize employers willing to start someone soon.,synthetic persona hypothesis,False,hypothesis,,,,
p02,p02-q06,Urgent Berlin Java and TypeScript searcher,Berlin; remote employment within Germany also acceptable,Stellenanzeige noch online aber Stelle schon besetzt,de,Job advertisement still online but position already filled,problem,informational,stale job listings,medium,Career-page monitoring and source links can support checking; source pages can themselves remain outdated.,Understand how to check whether another application is worth the effort.,synthetic persona hypothesis,False,hypothesis,,,,
p02,p02-q07,Urgent Berlin Java and TypeScript searcher,Berlin; remote employment within Germany also acceptable,Java jobs posted today Germany,en,Java jobs posted today Germany,discovery,transactional,new developer openings,medium,"Alerts fit the recurring need, but first detection must not be presented as the employer's publication date.",Find a manageable set of recently surfaced opportunities each morning.,synthetic persona hypothesis,False,hypothesis,,,,
p02,p02-q08,Urgent Berlin Java and TypeScript searcher,Berlin; remote employment within Germany also acceptable,welche Firmen suchen Java Entwickler in Berlin,de,Which companies are hiring Java developers in Berlin,discovery,informational,employer discovery,high,A verified employer guide could introduce company-first discovery after the role-led entry point.,Build a practical employer list from available roles.,synthetic persona hypothesis,False,hypothesis,,,,
p02,p02-q09,Urgent Berlin Java and TypeScript searcher,Berlin; remote employment within Germany also acceptable,StepStone Alternative Softwareentwickler Jobs Deutschland,de,StepStone alternative software developer jobs Germany,evaluation,commercial,developer job-board alternatives,medium,"Coverage and source transparency may differentiate the service, but fewer duplicates cannot be promised without measurement.",Find another source after seeing repeated or irrelevant listings.,synthetic persona hypothesis,False,hypothesis,,,,
p02,p02-q10,Urgent Berlin Java and TypeScript searcher,Berlin; remote employment within Germany also acceptable,Bewerbungen organisieren doppelte Bewerbungen vermeiden Job Tracker,de,Organize applications avoid duplicate applications job tracker,problem,commercial,application organization,high,The application pipeline and notes address recordkeeping; automatic duplicate detection is not demonstrated.,Remember which roles were applied to and what happened next.,synthetic persona hypothesis,True,serp-observed,https://www.reddit.com/r/arbeitsleben/comments/1qc648t/wie_organisiert_ihr_eure_bewerbungen/,,,
p02,p02-q11,Urgent Berlin Java and TypeScript searcher,Berlin; remote employment within Germany also acceptable,Bewerbungsübersicht Excel Vorlage kostenlos,de,Free Excel application overview template,evaluation,transactional,application tracker alternatives,medium,A useful guide can compare manual tracking with the free tracker; no downloadable template is assumed to exist.,Compare a zero-cost spreadsheet against learning another tool.,synthetic persona hypothesis,False,hypothesis,,,,
p02,p02-q12,Urgent Berlin Java and TypeScript searcher,Berlin; remote employment within Germany also acceptable,free job application tracker with interview notes,en,free job application tracker with interview notes,evaluation,commercial,free application tracker,high,Free tracking and interview notes directly fit this request.,Keep interview details next to application status without a subscription.,synthetic persona hypothesis,False,hypothesis,,,,
p02,p02-q13,Urgent Berlin Java and TypeScript searcher,Berlin; remote employment within Germany also acceptable,neue Java Jobs Berlin per E-Mail,de,New Java jobs Berlin by email,action,transactional,developer job alerts,high,"Saved searches and email alerts fit, provided relevant employers are covered.",Stop repeating the same manual search every day.,synthetic persona hypothesis,False,hypothesis,,,,
p02,p02-q14,Urgent Berlin Java and TypeScript searcher,Berlin; remote employment within Germany also acceptable,Job Seek Bewerbungen verwalten kostenlos,de,Job Seek manage applications free,action,navigational,branded free tracker,high,The free tracker fits; this query only occurs after brand exposure and is not an acquisition demand estimate.,"After discovering the service, confirm the tracker is usable without paying.",synthetic persona hypothesis,False,hypothesis,,,,
p03,p03-q01,Final-year student seeking a first developer role,"Manchester, UK; willing to move to another UK city",graduate software developer jobs UK no experience,en,graduate software developer jobs UK no experience,problem,transactional,graduate developer jobs,high,"Role, location and seniority search fit; actual experience requirements still need inspection.",Find first-job vacancies without professional experience.,synthetic persona hypothesis,True,serp-observed,https://uk.indeed.com/q-software-engineering-graduate-no-experience-jobs.html | https://uk.linkedin.com/jobs/no-experience-software-developer-jobs,,,
p03,p03-q02,Final-year student seeking a first developer role,"Manchester, UK; willing to move to another UK city",junior developer jobs Manchester,en,junior developer jobs Manchester,discovery,transactional,junior developer jobs by city,high,City and role filtering map directly to the search.,Try the local market before committing to relocation.,synthetic persona hypothesis,False,hypothesis,,,,
p03,p03-q03,Final-year student seeking a first developer role,"Manchester, UK; willing to move to another UK city",software engineering graduate schemes 2027,en,software engineering graduate schemes 2027,discovery,transactional,graduate intake year,medium,"Can find covered postings, but intake-year accuracy and scheme coverage are unverified.",Find next-year programmes while still studying.,synthetic persona hypothesis,False,hypothesis,,,,
p03,p03-q04,Final-year student seeking a first developer role,"Manchester, UK; willing to move to another UK city",why do entry level developer jobs ask for 3 years experience,en,why do entry level developer jobs ask for 3 years experience,problem,informational,entry-level requirement confusion,medium,A source-based guide can help interpretation; seniority alone cannot establish eligibility.,Understand whether the label is trustworthy and whether to apply.,synthetic persona hypothesis,False,hypothesis,,,,
p03,p03-q05,Final-year student seeking a first developer role,"Manchester, UK; willing to move to another UK city",do university coding projects count as experience for graduate jobs,en,do university coding projects count as experience for graduate jobs,problem,informational,graduate experience interpretation,low,"Informational entry point, but the product cannot determine employer acceptance of projects.",Work out how coursework relates to requirements without assuming acceptance.,synthetic persona hypothesis,False,hypothesis,,,,
p03,p03-q06,Final-year student seeking a first developer role,"Manchester, UK; willing to move to another UK city",graduate software jobs Leeds Birmingham Bristol,en,graduate software jobs Leeds Birmingham Bristol,discovery,transactional,UK graduate location discovery,high,Location filtering supports exploration; the product does not assess personal affordability.,Broaden to several affordable-looking relocation options without a fixed city.,synthetic persona hypothesis,False,hypothesis,,,,
p03,p03-q07,Final-year student seeking a first developer role,"Manchester, UK; willing to move to another UK city",companies hiring computer science graduates without placement year,en,companies hiring computer science graduates without placement year,discovery,informational,graduate employer discovery,medium,Company-first discovery is useful if coverage and evidence of requirements are shown.,Build a company list when familiar brands feel too narrow.,synthetic persona hypothesis,False,hypothesis,,,,
p03,p03-q08,Final-year student seeking a first developer role,"Manchester, UK; willing to move to another UK city",when do 2027 software graduate schemes open UK,en,when do 2027 software graduate schemes open UK,discovery,informational,graduate recruitment timing,medium,"Opening alerts help future monitoring, but a calendar needs sourced dates.",Know when to start checking and avoid discovering schemes after closing.,synthetic persona hypothesis,False,hypothesis,,,,
p03,p03-q09,Final-year student seeking a first developer role,"Manchester, UK; willing to move to another UK city",how to track software engineering graduate scheme deadlines UK alerts,en,how to track software engineering graduate scheme deadlines UK alerts,evaluation,commercial,graduate alerts and deadlines,medium,New-posting alerts and tracking fit; closing-date reminders are not demonstrated.,Find a tool that prevents missed opportunities during final-year study.,synthetic persona hypothesis,True,serp-observed,https://gradbeam.co.uk/application-tracker | https://app.the-trackr.com/uk-technology/graduate-programmes?p=cjj408b9iu,,,
p03,p03-q10,Final-year student seeking a first developer role,"Manchester, UK; willing to move to another UK city",free graduate job application tracker,en,free graduate job application tracker,evaluation,commercial,free application tracking,high,Free pipeline tracking and notes are relevant; deadline automation must not be implied.,"Keep applications, interview details and next steps together on a student budget.",synthetic persona hypothesis,False,hypothesis,,,,
p03,p03-q11,Final-year student seeking a first developer role,"Manchester, UK; willing to move to another UK city",LinkedIn graduate job alerts too many senior roles,en,LinkedIn graduate job alerts too many senior roles,evaluation,informational,job alert relevance,medium,"Filters and optional description checks could help, but missing requirements remain unknown.",Reduce unsuitable results rather than increase email volume.,synthetic persona hypothesis,False,hypothesis,,,,
p03,p03-q12,Final-year student seeking a first developer role,"Manchester, UK; willing to move to another UK city",Gradbeam vs spreadsheet application tracker,en,Gradbeam vs spreadsheet application tracker,evaluation,commercial,graduate tracker alternatives,medium,"Free tracking can compete, but a comparison needs fair feature verification.",Decide whether another account is worth maintaining.,synthetic persona hypothesis,False,hypothesis,,,,
p03,p03-q13,Final-year student seeking a first developer role,"Manchester, UK; willing to move to another UK city",email alerts for new graduate developer jobs UK free,en,email alerts for new graduate developer jobs UK free,action,transactional,free graduate job alerts,high,"Free saved-search email alerts match, subject to covered employers and clear limits.",Set up useful notifications without a paid plan.,synthetic persona hypothesis,False,hypothesis,,,,
p03,p03-q14,Final-year student seeking a first developer role,"Manchester, UK; willing to move to another UK city",get notified when a company opens graduate applications,en,get notified when a company opens graduate applications,action,transactional,company careers alerts,high,Career-page monitoring fits covered company postings; it does not guarantee every opening or closing date.,Follow a short list of employers once discovered.,synthetic persona hypothesis,False,hypothesis,,,,
p04,p04-q01,Robotics engineer relocating toward Swiss scaleups,Netherlands; targets Zurich or Lausanne,robotics jobs Switzerland,en,Robotics jobs Switzerland,problem,commercial,robotics-jobs,medium,Occupation/location search fits but includes many adjacent disciplines.,Survey available work.,synthetic persona hypothesis,False,hypothesis,,,,
p04,p04-q02,Robotics engineer relocating toward Swiss scaleups,Netherlands; targets Zurich or Lausanne,embedded software engineer jobs Zurich,en,Embedded software engineer jobs Zurich,problem,commercial,embedded-zurich,high,"Role, technology and place align with basic search.",Find local embedded roles.,synthetic persona hypothesis,False,hypothesis,,,,
p04,p04-q03,Robotics engineer relocating toward Swiss scaleups,Netherlands; targets Zurich or Lausanne,engineering jobs Lausanne English,en,Engineering jobs Lausanne English,discovery,commercial,english-lausanne,medium,"Posting language helps discovery, not workplace-language verification.",Test the alternative destination.,synthetic persona hypothesis,False,hypothesis,,,,
p04,p04-q04,Robotics engineer relocating toward Swiss scaleups,Netherlands; targets Zurich or Lausanne,robotics embedded engineer jobs Zurich Lausanne English relocation,en,Robotics embedded engineer jobs Zurich Lausanne English relocation,discovery,commercial,swiss-robotics-relocation,medium,Several filters fit; relocation remains description evidence.,Combine technical and relocation needs.,synthetic persona hypothesis,True,serp-observed,https://ch.linkedin.com/jobs/view/senior-embedded-software-engineer-f-m-d-at-hexagon-robotics-4403705677 | https://preentechnologies.com/careers/machine-design-engineer/,,,
p04,p04-q05,Robotics engineer relocating toward Swiss scaleups,Netherlands; targets Zurich or Lausanne,robotics companies Zurich Lausanne careers,en,Robotics companies Zurich Lausanne careers,discovery,informational,robotics-employers,high,Company-first discovery is useful before alerts.,Build an employer shortlist.,synthetic persona hypothesis,False,hypothesis,,,,
p04,p04-q06,Robotics engineer relocating toward Swiss scaleups,Netherlands; targets Zurich or Lausanne,ROS2 C++ robotics engineer Switzerland,en,ROS2 C++ robotics engineer Switzerland,discovery,commercial,robotics-skills,high,Technology and location filtering can narrow roles.,Match practical tooling.,synthetic persona hypothesis,False,hypothesis,,,,
p04,p04-q07,Robotics engineer relocating toward Swiss scaleups,Netherlands; targets Zurich or Lausanne,Swiss robotics startup engineer jobs travel requirements English,en,Swiss robotics startup engineer jobs travel requirements English,evaluation,commercial,engineering-travel,medium,Pro description checks can help if travel terms are explicit.,Screen for travel-heavy work.,synthetic persona hypothesis,True,serp-observed,https://preentechnologies.com/careers/machine-design-engineer/ | https://jobs.ashbyhq.com/flink/02e4083f-fdf4-4fd5-a283-1de1436d6420,,,
p04,p04-q08,Robotics engineer relocating toward Swiss scaleups,Netherlands; targets Zurich or Lausanne,ANYbotics careers embedded engineer,en,ANYbotics careers embedded engineer,evaluation,navigational,named-employer,high,Coverage-dependent monitoring matches known-company intent.,Check a plausible target employer.,synthetic persona hypothesis,False,hypothesis,,,,
p04,p04-q09,Robotics engineer relocating toward Swiss scaleups,Netherlands; targets Zurich or Lausanne,robotics engineer Switzerland German required,en,Robotics engineer Switzerland German required,evaluation,informational,work-language,medium,Need source requirements rather than posting locale alone.,Assess whether basic German is enough.,synthetic persona hypothesis,False,hypothesis,,,,
p04,p04-q10,Robotics engineer relocating toward Swiss scaleups,Netherlands; targets Zurich or Lausanne,SwissDevJobs embedded English jobs,en,SwissDevJobs embedded English jobs,evaluation,navigational,specialist-job-board,medium,Competitor navigation is weak direct acquisition but clarifies expectations.,Try a specialist alternative.,synthetic persona hypothesis,False,hypothesis,,,,
p04,p04-q11,Robotics engineer relocating toward Swiss scaleups,Netherlands; targets Zurich or Lausanne,alerts new embedded jobs Swiss companies,en,Alerts new embedded jobs Swiss companies,action,commercial,engineering-alerts,high,Saved searches and alerts fit repeated monitoring.,Follow the shortlist during relocation planning.,synthetic persona hypothesis,False,hypothesis,,,,
p04,p04-q12,Robotics engineer relocating toward Swiss scaleups,Netherlands; targets Zurich or Lausanne,track engineering job applications and interview notes,en,Track engineering job applications and interview notes,action,commercial,application-tracking,medium,Tracker supports indexed postings and interview notes; arbitrary external application imports are not demonstrated.,Compare technical interviews across employers.,synthetic persona hypothesis,False,hypothesis,,,,
p05,p05-q01,Senior engineer seeking an 80% role near Stuttgart,Near Stuttgart; commute up to 40 km,Maschinenbau Jobs Stuttgart,de,Mechanical engineering jobs Stuttgart,problem,commercial,mechanical-stuttgart,high,Occupation and location are supported.,Survey regional work.,synthetic persona hypothesis,False,hypothesis,,,,
p05,p05-q02,Senior engineer seeking an 80% role near Stuttgart,Near Stuttgart; commute up to 40 km,Ingenieur Teilzeit Stuttgart,de,Part-time engineer Stuttgart,problem,commercial,part-time-engineering,medium,Employment-type filtering supports part-time; exact percentage and daily pattern still require description evidence.,Find reduced-hours engineering work.,synthetic persona hypothesis,False,hypothesis,,,,
p05,p05-q03,Senior engineer seeking an 80% role near Stuttgart,Near Stuttgart; commute up to 40 km,Entwicklungsingenieur Stellenangebote Stuttgart Umgebung,de,Development engineer vacancies around Stuttgart,problem,commercial,regional-engineering,high,Role and location discovery fit.,Explore nearby employers.,synthetic persona hypothesis,False,hypothesis,,,,
p05,p05-q04,Senior engineer seeking an 80% role near Stuttgart,Near Stuttgart; commute up to 40 km,Maschinenbau Ingenieur Teilzeit 80 Prozent Stuttgart,de,Mechanical engineer part-time 80 percent Stuttgart,discovery,commercial,engineering-80-percent,medium,Explicit percentages can be assessed in descriptions when present.,Search the intended workload.,synthetic persona hypothesis,True,serp-observed,https://www.arbeitsagentur.de/jobsuche/suche?arbeitszeit=tz&suchbereich=jobs&was=Ingenieur%2Fin+Maschinenbau&wo=Stuttgart,,,
p05,p05-q05,Senior engineer seeking an 80% role near Stuttgart,Near Stuttgart; commute up to 40 km,Ingenieur Teilzeit Stuttgart 32 Stunden planbare Arbeitszeiten Hersteller,de,Engineer part-time Stuttgart 32 hours predictable schedules manufacturers,discovery,commercial,engineering-schedule,medium,Criteria are useful but schedule predictability often remains unknown.,Find measurable hours at a manufacturer.,synthetic persona hypothesis,True,serp-observed,https://k2-systems-gmbh.jobs.personio.com/job/2753101,,,
p05,p05-q06,Senior engineer seeking an 80% role near Stuttgart,Near Stuttgart; commute up to 40 km,Bosch Ingenieur Teilzeit Stellen Stuttgart,de,Bosch engineer part-time jobs Stuttgart,discovery,navigational,named-manufacturer,high,Company selection is useful if covered.,Check a familiar regional employer.,synthetic persona hypothesis,False,hypothesis,,,,
p05,p05-q07,Senior engineer seeking an 80% role near Stuttgart,Near Stuttgart; commute up to 40 km,Festo Konstruktion Teilzeit Karriere,de,Festo design engineering part-time careers,discovery,navigational,named-manufacturer,high,Monitoring can follow selected companies.,Explore a second target.,synthetic persona hypothesis,False,hypothesis,,,,
p05,p05-q08,Senior engineer seeking an 80% role near Stuttgart,Near Stuttgart; commute up to 40 km,Senior Konstrukteur Teilzeit keine Werkstudenten,de,Senior design engineer part-time no student jobs,evaluation,commercial,experienced-part-time,medium,Seniority and text checks can reduce noise.,Remove junior and student mismatch.,synthetic persona hypothesis,False,hypothesis,,,,
p05,p05-q09,Senior engineer seeking an 80% role near Stuttgart,Near Stuttgart; commute up to 40 km,Ingenieur 80 Prozent vier Tage oder fünf Tage,de,Engineer 80 percent four days or five days,evaluation,informational,working-hours,low,An employer discussion is needed; percentage alone is insufficient.,Understand how hours may be distributed.,synthetic persona hypothesis,False,hypothesis,,,,
p05,p05-q10,Senior engineer seeking an 80% role near Stuttgart,Near Stuttgart; commute up to 40 km,Maschinenbau Teilzeit Jobs 40 km Stuttgart,de,Mechanical engineering part-time jobs 40 km Stuttgart,evaluation,commercial,local-commute,medium,Location search fits; exact commute calculation is not demonstrated.,Stay within commuting tolerance.,synthetic persona hypothesis,False,hypothesis,,,,
p05,p05-q11,Senior engineer seeking an 80% role near Stuttgart,Near Stuttgart; commute up to 40 km,Job Alarm Ingenieur Teilzeit bestimmte Firmen,de,Job alert engineer part-time selected companies,action,commercial,engineering-alerts,high,Company-based saved searches and alerts fit.,Watch infrequent suitable openings.,synthetic persona hypothesis,False,hypothesis,,,,
p05,p05-q12,Senior engineer seeking an 80% role near Stuttgart,Near Stuttgart; commute up to 40 km,Stellenanzeige Arbeitszeit nicht angegeben nachfragen,de,Job posting working hours not given ask employer,action,informational,schedule-verification,low,Can surface unknowns but cannot answer for employers.,Resolve missing schedule details.,synthetic persona hypothesis,False,hypothesis,,,,
p06,p06-q01,Lyon laboratory scientist approaching contract end,"Lyon; considering Geneva, Lausanne and Basel",emploi laboratoire biotechnologie Genève Lausanne Bâle,fr,Biotech laboratory jobs Geneva Lausanne Basel,problem,commercial,swiss-lab-jobs,high,Role and location discovery fit.,Survey three destinations.,synthetic persona hypothesis,True,serp-observed,https://recrutement.chuv.ch/vacancy/technicienne-en-analyses-biomedicales-au-service-dimmunologie-et-allergie-316246.html | https://jobsswitzerland.ch/fr/jobs/c835cf4d-3b01-48b5-a95f-c95967ce84d1,,,
p06,p06-q02,Lyon laboratory scientist approaching contract end,"Lyon; considering Geneva, Lausanne and Basel",offres emploi biologiste Suisse,fr,Biologist job openings Switzerland,problem,commercial,biology-jobs,medium,Broad title includes diagnostics and other mismatches.,Find relevant job families.,synthetic persona hypothesis,False,hypothesis,,,,
p06,p06-q03,Lyon laboratory scientist approaching contract end,"Lyon; considering Geneva, Lausanne and Basel",laboratory scientist jobs Switzerland,en,Laboratory scientist jobs Switzerland,problem,commercial,english-lab-jobs,high,English searches complement French titles.,Access English-language vacancies.,synthetic persona hypothesis,False,hypothesis,,,,
p06,p06-q04,Lyon laboratory scientist approaching contract end,"Lyon; considering Geneva, Lausanne and Basel",research associate biotech Lausanne,en,Research associate biotech Lausanne,discovery,commercial,lab-title-variants,high,Title variants expand discovery.,Search an alternative industry title.,synthetic persona hypothesis,False,hypothesis,,,,
p06,p06-q05,Lyon laboratory scientist approaching contract end,"Lyon; considering Geneva, Lausanne and Basel",emploi culture cellulaire Bâle anglais,fr,Cell culture jobs Basel English,discovery,commercial,laboratory-methods,medium,Needs proven lab-method search or description checks.,Explore technique-specific matches.,synthetic persona hypothesis,False,hypothesis,,,,
p06,p06-q06,Lyon laboratory scientist approaching contract end,"Lyon; considering Geneva, Lausanne and Basel",laboratory scientist Basel cell culture English relocation French,en,Laboratory scientist Basel cell culture English relocation French,discovery,commercial,lab-relocation,medium,Source text can help but relocation cannot be inferred.,Compare language and relocation details.,synthetic persona hypothesis,True,serp-observed,https://www.novartis.com/fr-fr/careers/career-search/job/details/req-10085492-usp-research-scientist-ii,,,
p06,p06-q07,Lyon laboratory scientist approaching contract end,"Lyon; considering Geneva, Lausanne and Basel",Roche Bâle emplois laboratoire,fr,Roche Basel laboratory jobs,discovery,navigational,pharma-careers,high,Coverage-dependent company monitoring fits.,Check a known employer.,synthetic persona hypothesis,False,hypothesis,,,,
p06,p06-q08,Lyon laboratory scientist approaching contract end,"Lyon; considering Geneva, Lausanne and Basel",Novartis research scientist English German required,en,Novartis research scientist English German required,evaluation,informational,work-language,medium,Posting locale does not resolve required languages.,Check language barriers.,synthetic persona hypothesis,False,hypothesis,,,,
p06,p06-q09,Lyon laboratory scientist approaching contract end,"Lyon; considering Geneva, Lausanne and Basel",biotech Lausanne technicien research associate différence,fr,Lausanne biotech technician research associate difference,evaluation,informational,lab-role-level,medium,Description review helps more than title matching alone.,Interpret titles against actual responsibility.,synthetic persona hypothesis,False,hypothesis,,,,
p06,p06-q10,Lyon laboratory scientist approaching contract end,"Lyon; considering Geneva, Lausanne and Basel",emploi laboratoire Suisse CDI CDD,fr,Swiss laboratory jobs permanent fixed-term,evaluation,commercial,lab-contracts,high,Employment-type filters support this where populated.,Compare contract continuity.,synthetic persona hypothesis,False,hypothesis,,,,
p06,p06-q11,Lyon laboratory scientist approaching contract end,"Lyon; considering Geneva, Lausanne and Basel",alerte emploi laboratoire Genève Lausanne,fr,Job alerts laboratory Geneva Lausanne,action,commercial,lab-alerts,high,Saved-search alerts are a direct fit.,Follow openings before contract expiry.,synthetic persona hypothesis,False,hypothesis,,,,
p06,p06-q12,Lyon laboratory scientist approaching contract end,"Lyon; considering Geneva, Lausanne and Basel",questions entretien laboratoire aide déménagement langue équipe,fr,Laboratory interview questions relocation help team language,action,informational,lab-interview,low,A guide can help prepare questions; employer answers remain necessary.,Resolve unreported constraints.,synthetic persona hypothesis,False,hypothesis,,,,
p07,p07-q01,Milan junior marketer seeking paid entry work,Milan; Italy and Ticino considered,lavoro marketing junior Milano,it,Junior marketing jobs Milan,problem,commercial,junior-marketing,high,"Role, experience and location search fit.",Find an entry point.,synthetic persona hypothesis,False,hypothesis,,,,
p07,p07-q02,Milan junior marketer seeking paid entry work,Milan; Italy and Ticino considered,offerte lavoro digital marketing Italia,it,Digital marketing jobs Italy,problem,commercial,italian-marketing,high,Broad discovery is useful before employer selection.,Explore beyond Milan.,synthetic persona hypothesis,False,hypothesis,,,,
p07,p07-q03,Milan junior marketer seeking paid entry work,Milan; Italy and Ticino considered,stage retribuito marketing,it,Paid marketing internship,problem,commercial,paid-internships,medium,Employment type helps; payment still needs explicit evidence.,Avoid unpaid work.,synthetic persona hypothesis,False,hypothesis,,,,
p07,p07-q04,Milan junior marketer seeking paid entry work,Milan; Italy and Ticino considered,lavoro marketing junior Milano stage retribuito,it,Junior marketing work Milan paid internship,discovery,commercial,milan-internships,high,Core discovery fits with pay verification.,"Combine level, location and pay.",synthetic persona hypothesis,True,serp-observed,https://it.ucv.online/offerte-lavoro/junior-marketing-specialist-milano-lombardia-junior-it/junior-marketing-specialist-marketing-junior-cofoundry-italy-it | https://careers.publicisgroupe.com/PS-SignUp-30/jobs/169563?lang=it-it&previousLocale=it-IT,,,
p07,p07-q05,Milan junior marketer seeking paid entry work,Milan; Italy and Ticino considered,stage digital marketing Ticino retribuito no vendita,it,Paid digital marketing internship Ticino no sales,discovery,commercial,ticino-marketing,medium,Coverage and duty evidence must be demonstrated.,Test Ticino without sales-only roles.,synthetic persona hypothesis,True,serp-observed,https://www.ticino.ch/it/dam/jcr%3A0a287417-841c-4673-b778-231b758a71f0/StagistaMercatoCH_01.03.2023.pdf,,,
p07,p07-q06,Milan junior marketer seeking paid entry work,Milan; Italy and Ticino considered,social media junior tempo indeterminato Milano,it,Junior social media permanent jobs Milan,discovery,commercial,permanent-junior-marketing,high,Employment-type and role filters fit.,Prefer a stable first contract.,synthetic persona hypothesis,False,hypothesis,,,,
p07,p07-q07,Milan junior marketer seeking paid entry work,Milan; Italy and Ticino considered,annuncio marketing ma lavoro vendita come capire,it,Marketing advert but sales job how to tell,evaluation,informational,marketing-duty-check,medium,A guide and Pro text checks can assist without verifying honesty.,Interpret actual responsibilities.,synthetic persona hypothesis,False,hypothesis,,,,
p07,p07-q08,Milan junior marketer seeking paid entry work,Milan; Italy and Ticino considered,stage marketing rimborso spese importo,it,Marketing internship expense allowance amount,evaluation,informational,internship-pay,medium,Only published amounts can be surfaced reliably.,Assess affordability.,synthetic persona hypothesis,False,hypothesis,,,,
p07,p07-q09,Milan junior marketer seeking paid entry work,Milan; Italy and Ticino considered,stage marketing extracurriculare Milano,it,Extracurricular marketing internship Milan,evaluation,commercial,internship-requirements,medium,Description requirements need inspection.,Find an internship without assuming student enrolment.,synthetic persona hypothesis,False,hypothesis,,,,
p07,p07-q10,Milan junior marketer seeking paid entry work,Milan; Italy and Ticino considered,Indeed marketing junior Milano senza esperienza,it,Indeed junior marketing Milan no experience,evaluation,navigational,entry-job-boards,low,Competitor navigation is not a natural Job Seek landing.,Try a familiar alternative.,synthetic persona hypothesis,False,hypothesis,,,,
p07,p07-q11,Milan junior marketer seeking paid entry work,Milan; Italy and Ticino considered,avvisi lavoro marketing junior gratis,it,Free junior marketing job alerts,action,commercial,free-marketing-alerts,high,Free saved searches and email alerts align.,Keep searching without subscription cost.,synthetic persona hypothesis,False,hypothesis,,,,
p07,p07-q12,Milan junior marketer seeking paid entry work,Milan; Italy and Ticino considered,aziende Milano assumono junior digital marketing,it,Milan companies hiring junior digital marketers,action,commercial,marketing-employers,high,Company discovery can lead to alerts after initial relevance is proven.,Build a shortlist from concrete openings.,synthetic persona hypothesis,False,hypothesis,,,,
p08,p08-q01,India-based data engineer investigating European relocation,India; seeks Germany or Netherlands,data engineer jobs Germany,en,data engineer jobs Germany,problem,commercial,germany-data-jobs,high,Role/location discovery fits.,Explore a destination.,synthetic persona hypothesis,False,hypothesis,,,,
p08,p08-q02,India-based data engineer investigating European relocation,India; seeks Germany or Netherlands,data engineering jobs Netherlands,en,data engineering jobs Netherlands,problem,commercial,netherlands-data-jobs,high,Core role search fits.,Explore a second destination.,synthetic persona hypothesis,False,hypothesis,,,,
p08,p08-q03,India-based data engineer investigating European relocation,India; seeks Germany or Netherlands,English speaking data engineer jobs Europe,en,English speaking data engineer jobs Europe,problem,commercial,english-data-jobs,medium,Posting language helps but workplace language needs source evidence.,Find accessible working-language roles.,synthetic persona hypothesis,False,hypothesis,,,,
p08,p08-q04,India-based data engineer investigating European relocation,India; seeks Germany or Netherlands,data engineer jobs Germany Netherlands visa sponsorship relocation,en,data engineer jobs Germany Netherlands visa sponsorship relocation,discovery,commercial,data-relocation,medium,Pro text checks can assess statements; cannot certify support.,Locate explicitly supported international moves.,synthetic persona hypothesis,True,serp-observed,https://konijnjobs.com/jobs/data-engineer | https://www.hso.com/careers/vacancies/hso-international-data-engineer/,,,
p08,p08-q05,India-based data engineer investigating European relocation,India; seeks Germany or Netherlands,senior data engineer Spark Python Berlin,en,senior data engineer Spark Python Berlin,discovery,commercial,data-stack,high,"Technology, seniority and city filters fit; stack is illustrative.",Test a plausible technical match.,synthetic persona hypothesis,False,hypothesis,,,,
p08,p08-q06,India-based data engineer investigating European relocation,India; seeks Germany or Netherlands,companies hiring data engineers from India Europe,en,companies hiring data engineers from India Europe,discovery,informational,international-employers,medium,Company discovery helps but hiring from India needs explicit evidence.,Build an employer shortlist.,synthetic persona hypothesis,False,hypothesis,,,,
p08,p08-q07,India-based data engineer investigating European relocation,India; seeks Germany or Netherlands,data engineer Amsterdam Berlin relocation support no visa sponsorship job,en,data engineer Amsterdam Berlin relocation support no visa sponsorship job,evaluation,commercial,sponsorship-exclusions,medium,Negation and conditional wording are a meaningful description-check test.,Recognise negative support conditions.,synthetic persona hypothesis,True,serp-observed,https://www.hso.com/careers/vacancies/hso-international-data-engineer/ | https://jobs.ashbyhq.com/Clera/3c0ec8af-7b73-4f99-8448-b02bb7e39bcb,,,
p08,p08-q08,India-based data engineer investigating European relocation,India; seeks Germany or Netherlands,Relocate.me data engineer Netherlands,en,Relocate.me data engineer Netherlands,evaluation,navigational,relocation-job-boards,low,Competitor navigation is primarily another site's traffic.,Try a relocation-focused alternative.,synthetic persona hypothesis,False,hypothesis,,,,
p08,p08-q09,India-based data engineer investigating European relocation,India; seeks Germany or Netherlands,data engineer relocation package visa support difference,en,data engineer relocation package visa support difference,evaluation,informational,relocation-terms,medium,A source-reading guide fits; no legal conclusion needed.,Understand two different employer promises.,synthetic persona hypothesis,False,hypothesis,,,,
p08,p08-q10,India-based data engineer investigating European relocation,India; seeks Germany or Netherlands,data engineer Germany English German required,en,data engineer Germany English German required,evaluation,commercial,data-work-language,medium,Requirements must be read beyond an English title.,Avoid a language mismatch.,synthetic persona hypothesis,False,hypothesis,,,,
p08,p08-q11,India-based data engineer investigating European relocation,India; seeks Germany or Netherlands,email alerts data engineer relocation Germany Netherlands,en,email alerts data engineer relocation Germany Netherlands,action,commercial,relocation-alerts,high,Alerts fit once role criteria and source limits are clear.,Follow relevant new postings.,synthetic persona hypothesis,False,hypothesis,,,,
p08,p08-q12,India-based data engineer investigating European relocation,India; seeks Germany or Netherlands,ask recruiter if sponsorship available for this role,en,ask recruiter if sponsorship available for this role,action,informational,sponsorship-clarification,low,Product can identify unknowns but not answer for the recruiter.,Resolve conditional language before applying.,synthetic persona hypothesis,False,hypothesis,,,,
p09,p09-q01,Portugal-based designer seeking genuine location freedom,Currently Portugal; wants Europe-compatible work from anywhere,remote UX designer jobs,en,remote UX designer jobs,problem,commercial,remote-ux,high,Role and work-mode filters fit.,Survey design opportunities.,synthetic persona hypothesis,False,hypothesis,,,,
p09,p09-q02,Portugal-based designer seeking genuine location freedom,Currently Portugal; wants Europe-compatible work from anywhere,senior product designer jobs Europe,en,senior product designer jobs Europe,problem,commercial,senior-product-design,high,"Occupation, seniority and region search fit.",Look for the right scope.,synthetic persona hypothesis,False,hypothesis,,,,
p09,p09-q03,Portugal-based designer seeking genuine location freedom,Currently Portugal; wants Europe-compatible work from anywhere,work from anywhere design jobs,en,work from anywhere design jobs,problem,commercial,anywhere-design,medium,Must read restrictions rather than trust remote tags.,Find genuine location flexibility.,synthetic persona hypothesis,False,hypothesis,,,,
p09,p09-q04,Portugal-based designer seeking genuine location freedom,Currently Portugal; wants Europe-compatible work from anywhere,senior product designer remote Europe work from anywhere,en,senior product designer remote Europe work from anywhere,discovery,commercial,europe-anywhere-design,medium,Filtering narrows candidates but does not confirm mobility.,Combine senior role and flexibility.,synthetic persona hypothesis,True,serp-observed,https://www.primeline.dev/careers/product-designer | https://jobs.ashbyhq.com/reedsy/5b054faf-e032-44d2-90f4-60a6b1241937,,,
p09,p09-q05,Portugal-based designer seeking genuine location freedom,Currently Portugal; wants Europe-compatible work from anywhere,product designer remote Portugal timezone country restrictions jobs,en,product designer remote Portugal timezone country restrictions jobs,discovery,commercial,portugal-remote-design,medium,Text checks can identify explicit countries and conditions.,Check current country compatibility.,synthetic persona hypothesis,True,serp-observed,https://jobs.ashbyhq.com/reedsy/5b054faf-e032-44d2-90f4-60a6b1241937 | https://job-boards.eu.greenhouse.io/whitetech/jobs/4987197101,,,
p09,p09-q06,Portugal-based designer seeking genuine location freedom,Currently Portugal; wants Europe-compatible work from anywhere,remote design systems designer Europe,en,remote design systems designer Europe,discovery,commercial,design-systems-jobs,high,Role and technology discovery are useful.,Explore a specialised role variant.,synthetic persona hypothesis,False,hypothesis,,,,
p09,p09-q07,Portugal-based designer seeking genuine location freedom,Currently Portugal; wants Europe-compatible work from anywhere,remote Europe job can I work from Portugal,en,remote Europe job can I work from Portugal,evaluation,informational,remote-location-rules,medium,"A guide can show questions and evidence, not eligibility conclusions.",Interpret ambiguous region wording.,synthetic persona hypothesis,False,hypothesis,,,,
p09,p09-q08,Portugal-based designer seeking genuine location freedom,Currently Portugal; wants Europe-compatible work from anywhere,product designer UTC CET overlap remote,en,product designer UTC CET overlap remote,evaluation,commercial,design-timezone,medium,Timezone statements can be assessed where published.,Avoid an unsuitable meeting schedule.,synthetic persona hypothesis,False,hypothesis,,,,
p09,p09-q09,Portugal-based designer seeking genuine location freedom,Currently Portugal; wants Europe-compatible work from anywhere,We Work Remotely product designer anywhere,en,We Work Remotely product designer anywhere,evaluation,navigational,remote-board-alternative,low,Competitor navigation has weak direct conversion fit.,Try a remote-work specialist.,synthetic persona hypothesis,False,hypothesis,,,,
p09,p09-q10,Portugal-based designer seeking genuine location freedom,Currently Portugal; wants Europe-compatible work from anywhere,remote first companies product design careers,en,remote first companies product design careers,evaluation,informational,remote-design-employers,high,Company-first discovery becomes useful here.,Form a selective employer shortlist.,synthetic persona hypothesis,False,hypothesis,,,,
p09,p09-q11,Portugal-based designer seeking genuine location freedom,Currently Portugal; wants Europe-compatible work from anywhere,job alerts senior product designer remote Europe,en,job alerts senior product designer remote Europe,action,commercial,design-alerts,high,Saved-search alerts match selective monitoring.,Wait for a compelling role while employed.,synthetic persona hypothesis,False,hypothesis,,,,
p09,p09-q12,Portugal-based designer seeking genuine location freedom,Currently Portugal; wants Europe-compatible work from anywhere,questions recruiter work from anywhere country policy,en,questions recruiter work from anywhere country policy,action,informational,remote-policy-questions,low,Employer confirmation is required beyond search output.,Confirm recruitment wording before switching jobs.,synthetic persona hypothesis,False,hypothesis,,,,
p10,p10-q01,UK project manager returning after caregiving,United Kingdom; exact locality unspecified,part time project manager jobs,en,part time project manager jobs,problem,commercial,part-time-project-manager,high,Employment type and role filters fit.,Find experienced work with fewer hours.,synthetic persona hypothesis,False,hypothesis,,,,
p10,p10-q02,UK project manager returning after caregiving,United Kingdom; exact locality unspecified,hybrid project manager jobs UK,en,hybrid project manager jobs UK,problem,commercial,hybrid-project-manager,high,"Work-mode and role filters fit, subject to locality.",Explore manageable workplace attendance.,synthetic persona hypothesis,False,hypothesis,,,,
p10,p10-q03,UK project manager returning after caregiving,United Kingdom; exact locality unspecified,jobs after career break UK,en,jobs after career break UK,problem,informational,career-return,low,Broad guidance is less aligned than concrete vacancy discovery.,Find possible re-entry routes.,synthetic persona hypothesis,False,hypothesis,,,,
p10,p10-q04,UK project manager returning after caregiving,United Kingdom; exact locality unspecified,part time project manager jobs UK school hours hybrid,en,part time project manager jobs UK school hours hybrid,discovery,commercial,school-hours-project-work,medium,Filters help but school-hours detail needs source evidence.,Combine role and schedule needs.,synthetic persona hypothesis,True,serp-observed,https://app.beapplied.com/apply/1fhixlwdeu | https://www.reed.co.uk/jobs/part-time-hybrid-project-manager-jobs?workingOption=hybrid,,,
p10,p10-q05,UK project manager returning after caregiving,United Kingdom; exact locality unspecified,project manager return to work career break part time returnship UK,en,project manager return to work career break part time returnship UK,discovery,commercial,project-returnships,medium,Coverage and active programme evidence must be demonstrated.,Find supported return pathways.,synthetic persona hypothesis,True,serp-observed,https://www.gov.uk/government/publications/returner-toolkit-helping-you-back-to-work/returner-toolkit-helping-you-back-to-work | https://careers.nationalhighways.co.uk/jobs-you-can-do/returning-to-work/,,,
p10,p10-q06,UK project manager returning after caregiving,United Kingdom; exact locality unspecified,project manager 25 hours a week UK,en,project manager 25 hours a week UK,discovery,commercial,project-hours,medium,Description checks can assess hours when provided.,Search measurable hours.,synthetic persona hypothesis,False,hypothesis,,,,
p10,p10-q07,UK project manager returning after caregiving,United Kingdom; exact locality unspecified,project manager job share vacancies,en,project manager job share vacancies,discovery,commercial,project-job-share,medium,Job share wording needs text inspection; do not promise a dedicated filter.,Consider another reduced-workload structure.,synthetic persona hypothesis,False,hypothesis,,,,
p10,p10-q08,UK project manager returning after caregiving,United Kingdom; exact locality unspecified,Timewise project manager part time jobs,en,Timewise project manager part time jobs,evaluation,navigational,flexible-job-boards,low,Competitor navigation is not a strong direct landing target.,Try a flexible-work specialist.,synthetic persona hypothesis,False,hypothesis,,,,
p10,p10-q09,UK project manager returning after caregiving,United Kingdom; exact locality unspecified,returnship project management part time or full time,en,returnship project management part time or full time,evaluation,informational,returnship-hours,medium,Description evidence may distinguish support from actual hours.,Check whether a programme meets schedule needs.,synthetic persona hypothesis,False,hypothesis,,,,
p10,p10-q10,UK project manager returning after caregiving,United Kingdom; exact locality unspecified,part time project manager school holidays term time,en,part time project manager school holidays term time,evaluation,commercial,term-time-project-work,medium,Cannot infer term-time from school-related employers.,Explore a more restrictive calendar.,synthetic persona hypothesis,False,hypothesis,,,,
p10,p10-q11,UK project manager returning after caregiving,United Kingdom; exact locality unspecified,alerts part time project manager jobs near me,en,alerts part time project manager jobs near me,action,commercial,project-manager-alerts,high,Free alerts fit once a real location is supplied.,Follow suitable openings after initial proof.,synthetic persona hypothesis,False,hypothesis,,,,
p10,p10-q12,UK project manager returning after caregiving,United Kingdom; exact locality unspecified,questions to ask employer about school hours hybrid job,en,questions to ask employer about school hours hybrid job,action,informational,schedule-questions,low,A guide can prepare questions; employer confirmation remains necessary.,Clarify daily hours before applying.,synthetic persona hypothesis,False,hypothesis,,,,
p11,p11-q01,Lyon teacher entering data analysis,Lyon and nearby commutable employers,emploi data analyst Lyon,fr,data analyst jobs Lyon,discovery,transactional,data jobs Lyon,medium,Role/location fits; local coverage is unverified.,See local jobs.,synthetic persona hypothesis,False,hypothesis,,,,
p11,p11-q02,Lyon teacher entering data analysis,Lyon and nearby commutable employers,analyste de données débutant Lyon,fr,beginner data analyst Lyon,discovery,transactional,entry-level local jobs,medium,Seniority filtering helps but cannot establish eligibility.,Find a first industry role.,synthetic persona hypothesis,False,hypothesis,,,,
p11,p11-q03,Lyon teacher entering data analysis,Lyon and nearby commutable employers,emploi Power BI junior Lyon,fr,junior Power BI jobs Lyon,discovery,transactional,Power BI junior,medium,Technology labels may help; no-experience acceptance requires reading.,Search by a practiced tool.,synthetic persona hypothesis,False,hypothesis,,,,
p11,p11-q04,Lyon teacher entering data analysis,Lyon and nearby commutable employers,data analyst junior Lyon débutant reconversion emploi,fr,junior data analyst Lyon beginner career-change jobs,discovery,transactional,career-change data jobs,medium,Description evidence matters more than junior titles.,Find roles open to a retrained applicant.,synthetic persona hypothesis,True,serp-observed,https://careers.werecruit.io/fr/arc-europe-france/offres/data-analyst-junior-b2bfac | https://groupe-atlantic.nous-recrutons.fr/poste/3lyowyxcyp-alternance-data-analyst-junior/,,,
p11,p11-q05,Lyon teacher entering data analysis,Lyon and nearby commutable employers,data analyst junior sans expérience première expérience emploi France,fr,junior data analyst without experience first job France,problem,informational,first data job,medium,A requirements guide helps without promising access.,Understand where a first role is realistic.,synthetic persona hypothesis,True,serp-observed,https://careers.werecruit.io/fr/arc-europe-france/offres/data-analyst-junior-b2bfac | https://www.coursera.org/fr-FR/articles/entry-level-data-analyst,,,
p11,p11-q06,Lyon teacher entering data analysis,Lyon and nearby commutable employers,offre junior demande trois ans expérience data analyst,fr,junior data analyst posting asks three years experience,problem,informational,experience mismatch,high,Source-linked requirement explanations fit the need.,Decide whether a junior label is misleading for this profile.,synthetic persona hypothesis,False,hypothesis,,,,
p11,p11-q07,Lyon teacher entering data analysis,Lyon and nearby commutable employers,data analyst débutant CDI pas alternance Lyon,fr,beginner data analyst permanent not apprenticeship Lyon,evaluation,transactional,contract mismatch,medium,Description checking can distinguish explicit contract wording; filter support must be checked.,Separate salaried vacancies from training contracts.,synthetic persona hypothesis,False,hypothesis,,,,
p11,p11-q08,Lyon teacher entering data analysis,Lyon and nearby commutable employers,professeur reconversion data analyst compétences transférables,fr,teacher changing to data analyst transferable skills,evaluation,informational,career-change positioning,low,Job discovery is not career coaching.,Explain relevant skills in an application.,synthetic persona hypothesis,False,hypothesis,,,,
p11,p11-q09,Lyon teacher entering data analysis,Lyon and nearby commutable employers,projets portfolio data analyst premier emploi,fr,data analyst portfolio projects first job,evaluation,informational,portfolio evidence,low,No portfolio assessment service is demonstrated.,Check how to demonstrate practical ability.,synthetic persona hypothesis,False,hypothesis,,,,
p11,p11-q10,Lyon teacher entering data analysis,Lyon and nearby commutable employers,entreprises recrutent data analyst débutant Lyon,fr,companies hiring beginner data analysts Lyon,discovery,informational,employer discovery,medium,Useful only with verified examples rather than generic company lists.,Build an employer shortlist.,synthetic persona hypothesis,False,hypothesis,,,,
p11,p11-q11,Lyon teacher entering data analysis,Lyon and nearby commutable employers,Apec data analyst Lyon débutant,fr,Apec data analyst Lyon beginner,action,navigational,existing job board,low,A competitor navigation query is not a good acquisition page.,Search an established alternative.,synthetic persona hypothesis,False,hypothesis,,,,
p11,p11-q12,Lyon teacher entering data analysis,Lyon and nearby commutable employers,candidature data analyst junior sans expérience professionnelle,fr,junior data analyst application without professional experience,action,informational,first application,low,"Tracker supports organization, not application writing or assessment.",Submit a credible first application.,synthetic persona hypothesis,False,hypothesis,,,,
p12,p12-q01,Hamburg nurse seeking confirmed daytime work,Hamburg,Pflege Jobs Hamburg,de,nursing jobs Hamburg,discovery,transactional,local nursing jobs,medium,Occupation/location search fits if coverage exists.,Find local employers.,synthetic persona hypothesis,False,hypothesis,,,,
p12,p12-q02,Hamburg nurse seeking confirmed daytime work,Hamburg,Pflegefachkraft Hamburg Tagesklinik Stellenangebote,de,nurse Hamburg day clinic vacancies,discovery,transactional,day clinic jobs,medium,Facility type is relevant but not proof of hours.,See day-clinic positions.,synthetic persona hypothesis,True,serp-observed,https://jobs.alanta-group.de/Gesundheits-und-Krankenpfleger-Krankenschwester-Pflegefach-de-j2125.html | https://karriere.asklepios.com/Pflegefachkraft-Altenpfleger-oder-Gesundheits-und-Krankenp-de-j26922.html,,,
p12,p12-q03,Hamburg nurse seeking confirmed daytime work,Hamburg,Krankenpfleger Ambulanz Hamburg Stellen,de,nurse outpatient clinic Hamburg vacancies,discovery,transactional,outpatient jobs,medium,Titles can guide discovery but cannot guarantee no nights.,Explore outpatient alternatives.,synthetic persona hypothesis,False,hypothesis,,,,
p12,p12-q04,Hamburg nurse seeking confirmed daytime work,Hamburg,Pflegefachkraft Hamburg ohne Nachtdienst feste Arbeitszeiten ambulant,de,nurse Hamburg no nights fixed hours outpatient,problem,transactional,no-night nursing,medium,"Description matching can surface claims, not verify them.",Find explicit shift terms.,synthetic persona hypothesis,True,serp-observed,https://www.pflegero.de/job/pflegefachkraft-m-w-d-ambulante-pflege-hamburg-billbrook-ab-4-480-monat-keine-berstunden-tour-immer-realistisch-geplant/ | https://www.arbeitsagentur.de/jobsuche/jobdetail/10001-1001891078-S,,,
p12,p12-q05,Hamburg nurse seeking confirmed daytime work,Hamburg,Tagesklinik Pflege Arbeitszeiten Wochenende,de,day clinic nurse hours weekends,evaluation,informational,shift definitions,medium,Useful guide if distinctions remain explicit.,Check whether day clinic means weekends off.,synthetic persona hypothesis,False,hypothesis,,,,
p12,p12-q06,Hamburg nurse seeking confirmed daytime work,Hamburg,UKE Pflege Ambulanz Stellenangebote,de,UKE nursing outpatient vacancies,discovery,navigational,known employer jobs,medium,Monitoring might help after coverage verification; navigation favors the employer.,Inspect a familiar employer.,synthetic persona hypothesis,False,hypothesis,,,,
p12,p12-q07,Hamburg nurse seeking confirmed daytime work,Hamburg,Asklepios Hamburg Pflege Tagesklinik,de,Asklepios Hamburg nursing day clinic,discovery,navigational,known employer jobs,medium,Relevant company-first starting point if indexed coverage exists.,Review known hospital opportunities.,synthetic persona hypothesis,False,hypothesis,,,,
p12,p12-q08,Hamburg nurse seeking confirmed daytime work,Hamburg,Pflege Hamburg Festanstellung keine Zeitarbeit,de,nursing Hamburg permanent employment no agency work,evaluation,transactional,direct employment,medium,Source text may clarify employment relationship; no automatic verification.,Identify the actual employer.,synthetic persona hypothesis,False,hypothesis,,,,
p12,p12-q09,Hamburg nurse seeking confirmed daytime work,Hamburg,Pflege Hamburg Montag Freitag Frühdienst,de,nursing Hamburg Monday Friday early shift,evaluation,transactional,daytime weekdays,medium,Exact schedule criteria need explicit posting evidence.,Narrow to compatible working times.,synthetic persona hypothesis,False,hypothesis,,,,
p12,p12-q10,Hamburg nurse seeking confirmed daytime work,Hamburg,Vorstellungsgespräch Pflege Fragen Dienstplan,de,nursing interview questions rota,problem,informational,rota due diligence,medium,A guide and interview notes fit; not a rota verification service.,Ask for concrete schedule details.,synthetic persona hypothesis,False,hypothesis,,,,
p12,p12-q11,Hamburg nurse seeking confirmed daytime work,Hamburg,Pflege Tagesklinik Hamburg Teilzeit 30 Stunden,de,nursing day clinic Hamburg part time 30 hours,evaluation,transactional,part-time nursing,medium,Hours can be evaluated where stated.,Compare a lower-hours option.,synthetic persona hypothesis,False,hypothesis,,,,
p12,p12-q12,Hamburg nurse seeking confirmed daytime work,Hamburg,Pflege Bewerbung Gespräche Notizen organisieren,de,nursing application interview notes organize,action,informational,interview comparison,high,Interview notes support remembering employer statements.,Record each clinic's answers about shifts.,synthetic persona hypothesis,False,hypothesis,,,,
p13,p13-q01,Lille logistics coordinator seeking stable daytime employment,"Lille metropolitan area, including nearby commutable towns",coordinateur logistique Lille CDI emploi,fr,logistics coordinator Lille permanent jobs,discovery,transactional,local logistics coordination,medium,"Role, location and employment type fit if employers are covered.",Find local coordination jobs.,synthetic persona hypothesis,True,serp-observed,https://www.jobintree.com/emplois/82379841.html | https://www.capemploi-59lille.com/emploi/offre.html?c=OFEM5610&i=3101,,,
p13,p13-q02,Lille logistics coordinator seeking stable daytime employment,"Lille metropolitan area, including nearby commutable towns",emploi supply chain Lille,fr,supply chain jobs Lille,discovery,transactional,local supply chain,medium,Role discovery helps but may return unsuitable seniority.,See adjacent role titles.,synthetic persona hypothesis,False,hypothesis,,,,
p13,p13-q03,Lille logistics coordinator seeking stable daytime employment,"Lille metropolitan area, including nearby commutable towns",assistant logistique CDI Lille,fr,logistics assistant permanent jobs Lille,discovery,transactional,adjacent logistics roles,medium,Filtering can help; duties must remain comparable.,Broaden titles while retaining contract needs.,synthetic persona hypothesis,False,hypothesis,,,,
p13,p13-q04,Lille logistics coordinator seeking stable daytime employment,"Lille metropolitan area, including nearby commutable towns",emploi logistique Lille horaires journée CDI sans intérim,fr,logistics Lille daytime permanent no temporary agency jobs,problem,transactional,daytime direct logistics,medium,Multiple criteria need explicit text evidence.,Intersect schedule and direct employment requirements.,synthetic persona hypothesis,True,serp-observed,https://www.crit-job.com/offres/79ce4aeb-b143-4ed3-bdba-2690ef690439,,,
p13,p13-q05,Lille logistics coordinator seeking stable daytime employment,"Lille metropolitan area, including nearby commutable towns",coordinateur transport Lille horaires fixes,fr,transport coordinator Lille fixed hours,evaluation,transactional,fixed-hours coordination,medium,Description matching may identify stated times only.,Check predictable working times.,synthetic persona hypothesis,False,hypothesis,,,,
p13,p13-q06,Lille logistics coordinator seeking stable daytime employment,"Lille metropolitan area, including nearby commutable towns",entreprises logistiques recrutent Lille directement,fr,logistics companies hiring directly Lille,discovery,informational,employer discovery,high,Company-first search fits after a verified shortlist exists.,Build a direct-employer shortlist.,synthetic persona hypothesis,False,hypothesis,,,,
p13,p13-q07,Lille logistics coordinator seeking stable daytime employment,"Lille metropolitan area, including nearby commutable towns",offre CDI cabinet recrutement employeur qui signe contrat,fr,permanent job recruitment firm who employs you,evaluation,informational,employer identity,medium,Source-reading guide fits; no legal advice or contract review.,Understand who the actual employer is.,synthetic persona hypothesis,False,hypothesis,,,,
p13,p13-q08,Lille logistics coordinator seeking stable daytime employment,"Lille metropolitan area, including nearby commutable towns",approvisionneur Lille CDI,fr,supply planner Lille permanent jobs,discovery,transactional,supply planning roles,medium,Occupation and location discovery can fit.,Explore a related coordination role.,synthetic persona hypothesis,False,hypothesis,,,,
p13,p13-q09,Lille logistics coordinator seeking stable daytime employment,"Lille metropolitan area, including nearby commutable towns",coordinateur logistique Villeneuve d'Ascq emploi,fr,logistics coordinator Villeneuve d'Ascq jobs,evaluation,transactional,commute geography,medium,Locality filtering is useful; route planning is not shown.,Refine to a nearby workable location.,synthetic persona hypothesis,False,hypothesis,,,,
p13,p13-q10,Lille logistics coordinator seeking stable daytime employment,"Lille metropolitan area, including nearby commutable towns",travail en journée horaires 2x8 différence annonce,fr,daytime work versus rotating shifts in job advertisements,problem,informational,schedule interpretation,medium,A guide can explain distinctions without verifying shifts.,Avoid misleading schedule labels.,synthetic persona hypothesis,False,hypothesis,,,,
p13,p13-q11,Lille logistics coordinator seeking stable daytime employment,"Lille metropolitan area, including nearby commutable towns",France Travail coordinateur logistique Lille CDI,fr,France Travail logistics coordinator Lille permanent,action,navigational,existing job board,low,Competitor navigation is not a good landing target.,Check an established job source.,synthetic persona hypothesis,False,hypothesis,,,,
p13,p13-q12,Lille logistics coordinator seeking stable daytime employment,"Lille metropolitan area, including nearby commutable towns",questions entretien coordinateur logistique horaires planning,fr,logistics coordinator interview questions hours rota,action,informational,interview due diligence,medium,Notes can preserve answers for indexed jobs; no general external application import proven.,Confirm unanswered schedule details.,synthetic persona hypothesis,False,hypothesis,,,,
p14,p14-q01,Leeds immediate-work searcher without a car,Near Leeds; reachable on foot or public transport from home,jobs Leeds immediate start,en,jobs Leeds immediate start,discovery,transactional,urgent local jobs,low,Company-first selection adds friction and speed is not guaranteed.,Find work quickly.,synthetic persona hypothesis,False,hypothesis,,,,
p14,p14-q02,Leeds immediate-work searcher without a car,Near Leeds; reachable on foot or public transport from home,retail jobs Leeds,en,retail jobs Leeds,discovery,transactional,retail locality,medium,Role/location works if frontline coverage exists.,See local shop openings.,synthetic persona hypothesis,False,hypothesis,,,,
p14,p14-q03,Leeds immediate-work searcher without a car,Near Leeds; reachable on foot or public transport from home,customer service jobs Leeds city centre,en,customer service jobs Leeds city centre,discovery,transactional,customer service locality,medium,Exact workplaces must be checked beyond city labels.,Find reachable alternatives.,synthetic persona hypothesis,False,hypothesis,,,,
p14,p14-q04,Leeds immediate-work searcher without a car,Near Leeds; reachable on foot or public transport from home,retail customer service jobs Leeds immediate start,en,retail customer service jobs Leeds immediate start,discovery,transactional,urgent service work,low,"Need immediate usable vacancies, not long-term company monitoring.",Combine experience with urgency.,synthetic persona hypothesis,True,serp-observed,https://www.tate.co.uk/job/customer-service-advisor-202/ | https://uk.indeed.com/q-retail-immediate-start-l-leeds-jobs.html,,,
p14,p14-q05,Leeds immediate-work searcher without a car,Near Leeds; reachable on foot or public transport from home,jobs Leeds no car bus accessible early late shifts,en,jobs Leeds no car bus accessible early late shifts,problem,informational,shift commute,low,No shift-aware public transport routing is demonstrated.,Avoid impossible journeys.,synthetic persona hypothesis,True,serp-observed,https://images.leedsheritagetheatres.com/uploads/2026/05/Customer-Experience-Assistant-part-time-JD-Apr-2026.pdf | https://www.jobs.service.gov.uk/jobs/6a970499bf554a22b1f82849,,,
p14,p14-q06,Leeds immediate-work searcher without a car,Near Leeds; reachable on foot or public transport from home,part time jobs near me,en,part time jobs near me,discovery,transactional,nearby hourly work,low,Precise proximity and local density are unverified.,Check nearby options on a phone.,synthetic persona hypothesis,False,hypothesis,,,,
p14,p14-q07,Leeds immediate-work searcher without a car,Near Leeds; reachable on foot or public transport from home,shop assistant Leeds weekday hours,en,shop assistant Leeds weekday hours,evaluation,transactional,hours locality,medium,Description text may show hours; unknowns remain.,Look for predictable reachable shifts.,synthetic persona hypothesis,False,hypothesis,,,,
p14,p14-q08,Leeds immediate-work searcher without a car,Near Leeds; reachable on foot or public transport from home,Leeds jobs no driving licence needed,en,Leeds jobs no driving licence needed,evaluation,transactional,transport eligibility,medium,Explicit requirements can be checked; omission is not proof.,Exclude jobs that require driving.,synthetic persona hypothesis,False,hypothesis,,,,
p14,p14-q09,Leeds immediate-work searcher without a car,Near Leeds; reachable on foot or public transport from home,last bus Leeds city centre after work,en,last bus Leeds city centre after work,problem,informational,public transport planning,low,Transport timetables are outside the product.,Check return journey after a late shift.,synthetic persona hypothesis,False,hypothesis,,,,
p14,p14-q10,Leeds immediate-work searcher without a car,Near Leeds; reachable on foot or public transport from home,Indeed Leeds immediate start retail,en,Indeed Leeds immediate start retail,evaluation,navigational,existing job board,low,Competitor navigation offers little useful acquisition fit.,Use a familiar job board.,synthetic persona hypothesis,False,hypothesis,,,,
p14,p14-q11,Leeds immediate-work searcher without a car,Near Leeds; reachable on foot or public transport from home,apply retail jobs Leeds on phone,en,apply retail jobs Leeds on phone,action,transactional,mobile application,low,Employer application usability is not controlled by Job Seek.,Complete a job application using only mobile.,synthetic persona hypothesis,False,hypothesis,,,,
p14,p14-q12,Leeds immediate-work searcher without a car,Near Leeds; reachable on foot or public transport from home,customer service jobs Leeds weekly pay,en,customer service jobs Leeds weekly pay,action,transactional,pay schedule,medium,"Payment cadence is only usable when explicitly stated, not a promised filter.",Check when first income might arrive.,synthetic persona hypothesis,False,hypothesis,,,,
p15,p15-q01,Berlin analyst evaluating climate mission credibility,Berlin,Nachhaltigkeit Jobs Berlin,de,sustainability jobs Berlin,discovery,transactional,sustainability locality,medium,Role/location filters help but mission quality remains unknown.,Survey local roles.,synthetic persona hypothesis,False,hypothesis,,,,
p15,p15-q02,Berlin analyst evaluating climate mission credibility,Berlin,operations analyst jobs Berlin,en,operations analyst jobs Berlin,discovery,transactional,operations locality,high,"Occupation, experience and location fit if employers are covered.",Find role-fit openings.,synthetic persona hypothesis,False,hypothesis,,,,
p15,p15-q03,Berlin analyst evaluating climate mission credibility,Berlin,erneuerbare Energien Analyst Jobs Berlin,de,renewable energy analyst jobs Berlin,discovery,transactional,energy analyst jobs,medium,Company selection helps; employer business evidence is still needed.,Combine function with energy sector.,synthetic persona hypothesis,False,hypothesis,,,,
p15,p15-q04,Berlin analyst evaluating climate mission credibility,Berlin,sustainability operations analyst jobs Berlin energy climate,en,sustainability operations analyst jobs Berlin energy climate,discovery,transactional,climate analyst roles,medium,Titles span different roles and business activities.,Compare analytical routes into climate/energy work.,synthetic persona hypothesis,True,serp-observed,https://jobs.ashbyhq.com/enpal/87b7f771-921e-472f-a68e-66fce11aad88/ | https://jobapplication.hrworks.de/de?companyId=q039c1f&id=56c169 | https://careers.vattenfall.com/job/climate-strategy-analyst-in-berlin-jid-48761,,,
p15,p15-q05,Berlin analyst evaluating climate mission credibility,Berlin,Klimajobs Arbeitgeber Greenwashing erkennen Nachhaltigkeitsbericht Karriere,de,climate jobs employer greenwashing assess sustainability report career,problem,informational,mission credibility,medium,A sourced guide fits; employer verification is outside the product.,Find a defensible evaluation method.,synthetic persona hypothesis,True,serp-observed,https://www.nachhaltigejobs.de/bewerben-mit-gutem-gewissen/m,,,
p15,p15-q06,Berlin analyst evaluating climate mission credibility,Berlin,climate tech companies Berlin operations jobs,en,climate tech companies Berlin operations jobs,evaluation,informational,climate employer discovery,high,Company-first workflow aligns with the intent if coverage is verified.,Build a shortlist of businesses.,synthetic persona hypothesis,False,hypothesis,,,,
p15,p15-q07,Berlin analyst evaluating climate mission credibility,Berlin,Enpal operations analyst Karriere,de,Enpal operations analyst careers,evaluation,navigational,known employer research,medium,Source navigation matters; company monitoring can follow research.,Inspect a candidate employer.,synthetic persona hypothesis,False,hypothesis,,,,
p15,p15-q08,Berlin analyst evaluating climate mission credibility,Berlin,Vattenfall Nachhaltigkeitsbericht Klimaziele Fortschritt,de,Vattenfall sustainability report climate-target progress,evaluation,informational,employer impact evidence,low,External reports and independent scrutiny exceed job-description matching.,Research company-level evidence.,synthetic persona hypothesis,False,hypothesis,,,,
p15,p15-q09,Berlin analyst evaluating climate mission credibility,Berlin,sustainability analyst reporting versus operations role,en,sustainability analyst reporting versus operations role,evaluation,informational,role meaning,medium,Duties in source text can support comparisons.,Understand day-to-day contribution.,synthetic persona hypothesis,False,hypothesis,,,,
p15,p15-q10,Berlin analyst evaluating climate mission credibility,Berlin,GoodJobs Berlin Analyst,en,GoodJobs Berlin analyst,discovery,navigational,specialist job board,low,Competitor navigation is not a direct acquisition fit.,Check a specialist alternative.,synthetic persona hypothesis,False,hypothesis,,,,
p15,p15-q11,Berlin analyst evaluating climate mission credibility,Berlin,Fragen Vorstellungsgespräch Nachhaltigkeit messbare Wirkung,de,interview questions sustainability measurable impact,action,informational,mission interview,medium,Guide plus interview notes can help; employer answers remain claims.,Ask about role-specific objectives and evidence.,synthetic persona hypothesis,False,hypothesis,,,,
p15,p15-q12,Berlin analyst evaluating climate mission credibility,Berlin,new operations jobs climate companies Berlin email,en,new operations jobs climate companies Berlin email,action,transactional,target employer alerts,high,"Alerts fit after employer selection, not as a substitute for evaluation.",Follow a researched shortlist.,synthetic persona hypothesis,False,hypothesis,,,,
p16,p16-q01,Laid-off London product manager with an existing application pipeline,London; considers UK-compatible remote roles,product manager jobs London,en,product manager jobs London,discovery,transactional,product management locality,high,Role and location filtering match if coverage is sufficient.,See broad local opportunities.,synthetic persona hypothesis,False,hypothesis,,,,
p16,p16-q02,Laid-off London product manager with an existing application pipeline,London; considers UK-compatible remote roles,product manager B2B SaaS jobs London,en,product manager B2B SaaS jobs London,discovery,transactional,B2B SaaS product roles,high,Description criteria can refine sector fit; coverage still needs proof.,Keep sector experience relevant.,synthetic persona hypothesis,True,serp-observed,https://uk.linkedin.com/jobs/product-manager-saas-b2b-jobs-london,,,
p16,p16-q03,Laid-off London product manager with an existing application pipeline,London; considers UK-compatible remote roles,senior product manager remote UK,en,senior product manager remote UK,discovery,transactional,remote product roles,medium,Work-mode and seniority filters help; UK eligibility needs source detail.,Broaden geography without losing seniority.,synthetic persona hypothesis,False,hypothesis,,,,
p16,p16-q04,Laid-off London product manager with an existing application pipeline,London; considers UK-compatible remote roles,product manager search results product marketing jobs,en,product manager search results product marketing jobs,problem,informational,title ambiguity,medium,Descriptions and occupation mapping can help but need validation.,Reduce adjacent-role noise.,synthetic persona hypothesis,False,hypothesis,,,,
p16,p16-q05,Laid-off London product manager with an existing application pipeline,London; considers UK-compatible remote roles,B2B SaaS product manager discovery roadmap ownership jobs,en,B2B SaaS product manager discovery roadmap ownership jobs,evaluation,transactional,role substance,high,Description-based criteria fit explicit responsibilities.,Find substantive product ownership.,synthetic persona hypothesis,False,hypothesis,,,,
p16,p16-q06,Laid-off London product manager with an existing application pipeline,London; considers UK-compatible remote roles,job application tracker import spreadsheet interview notes,en,job application tracker import spreadsheet interview notes,problem,commercial,tracker migration,low,Indexed-job tracking does not demonstrate external-sheet import.,Preserve forty records while improving interview organization.,synthetic persona hypothesis,True,serp-observed,https://github.com/Abdallahabusnineh/jobdrop-tracker | https://go.careercircle.com/job-application-tracker-landing-page,,,
p16,p16-q07,Laid-off London product manager with an existing application pipeline,London; considers UK-compatible remote roles,free job application tracker with interview stages,en,free job application tracker with interview stages,evaluation,commercial,free application tracker,medium,"Free stages and notes fit for indexed jobs, not every existing record.",Compare a dedicated workflow with the sheet.,synthetic persona hypothesis,False,hypothesis,,,,
p16,p16-q08,Laid-off London product manager with an existing application pipeline,London; considers UK-compatible remote roles,job application tracker spreadsheet vs app,en,job application tracker spreadsheet vs app,evaluation,commercial,tracker alternatives,medium,Honest comparison can make product limits clear.,Decide whether switching is worth the effort.,synthetic persona hypothesis,False,hypothesis,,,,
p16,p16-q09,Laid-off London product manager with an existing application pipeline,London; considers UK-compatible remote roles,job tracker add external jobs manually,en,job tracker add external jobs manually,evaluation,commercial,external job records,low,Manual external records are not demonstrated.,Include recruiter and direct-network opportunities.,synthetic persona hypothesis,False,hypothesis,,,,
p16,p16-q10,Laid-off London product manager with an existing application pipeline,London; considers UK-compatible remote roles,organise notes multiple product manager interviews,en,organise notes multiple product manager interviews,problem,informational,interview organization,high,Interview notes fit when the role is indexed.,Keep interviewer details and decisions per process.,synthetic persona hypothesis,False,hypothesis,,,,
p16,p16-q11,Laid-off London product manager with an existing application pipeline,London; considers UK-compatible remote roles,LinkedIn B2B SaaS product manager London,en,LinkedIn B2B SaaS product manager London,action,navigational,existing job board,low,Competitor navigation is not a useful acquisition target.,Continue a familiar broad search.,synthetic persona hypothesis,False,hypothesis,,,,
p16,p16-q12,Laid-off London product manager with an existing application pipeline,London; considers UK-compatible remote roles,questions ask product manager interview team ownership,en,questions ask product manager interview team ownership,action,informational,role interview checks,medium,"A guide and notes can support due diligence, not verify employer answers.",Check whether scope matches the advertisement.,synthetic persona hypothesis,False,hypothesis,,,,
p17,p17-q01,Paris UX designer seeking genuine product-design scope,Paris; remote within France acceptable,emploi UX designer Paris,fr,UX designer jobs Paris,discovery,transactional,UX locality,high,Occupation and location search fit if coverage exists.,Find local UX openings.,synthetic persona hypothesis,False,hypothesis,,,,
p17,p17-q02,Paris UX designer seeking genuine product-design scope,Paris; remote within France acceptable,product designer UX Paris emploi,fr,product designer UX Paris jobs,discovery,transactional,product design locality,high,Role search is useful but description scope needs review.,Include common English job titles.,synthetic persona hypothesis,True,serp-observed,https://fr.indeed.com/q-product-designer-l-paris-%2875%29-emplois.html | https://www.welcometothejungle.com/fr/pages/emploi-product-designer-paris-75000,,,
p17,p17-q03,Paris UX designer seeking genuine product-design scope,Paris; remote within France acceptable,product designer jobs France,en,product designer jobs France,discovery,transactional,France design jobs,high,Location and role filters fit.,Expand beyond Paris.,synthetic persona hypothesis,False,hypothesis,,,,
p17,p17-q04,Paris UX designer seeking genuine product-design scope,Paris; remote within France acceptable,product designer remote France user research full remote France only,en,product designer remote France user research full remote France only,discovery,transactional,remote design scope,medium,Explicit wording can help; remote labels alone are insufficient.,Intersect genuine design work with France-compatible remote work.,synthetic persona hypothesis,True,serp-observed,https://www.welcometothejungle.com/fr/pages/emploi-product-designer-paris-75000 | https://www.welcometothejungle.com/fr/companies/yubo/jobs/mobile-product-designer_paris,,,
p17,p17-q05,Paris UX designer seeking genuine product-design scope,Paris; remote within France acceptable,offre UX designer seulement graphisme comment reconnaître,fr,how to recognize UX job that is only graphic design,problem,informational,design role ambiguity,high,Source duties can distinguish visual production from product scope.,Avoid misleading role labels.,synthetic persona hypothesis,False,hypothesis,,,,
p17,p17-q06,Paris UX designer seeking genuine product-design scope,Paris; remote within France acceptable,product designer recherche utilisateur discovery CDI Paris,fr,product designer user research discovery permanent Paris,evaluation,transactional,design responsibilities,high,Description criteria and employment-type filters can support this.,Find substantive end-to-end roles.,synthetic persona hypothesis,False,hypothesis,,,,
p17,p17-q07,Paris UX designer seeking genuine product-design scope,Paris; remote within France acceptable,remote product designer must be based in France,en,remote product designer must be based in France,evaluation,transactional,remote country requirements,medium,Country restrictions need evidence; absence remains unknown.,Find explicit country compatibility.,synthetic persona hypothesis,False,hypothesis,,,,
p17,p17-q08,Paris UX designer seeking genuine product-design scope,Paris; remote within France acceptable,télétravail total deux jours bureau par mois annonce,fr,full remote two office days a month job posting,problem,informational,remote policy interpretation,high,Guide and description comparison directly address the ambiguity.,Resolve contradictory remote wording.,synthetic persona hypothesis,False,hypothesis,,,,
p17,p17-q09,Paris UX designer seeking genuine product-design scope,Paris; remote within France acceptable,UX designer 3 ans expérience Paris,fr,UX designer three years experience Paris,discovery,transactional,design seniority,high,Experience and seniority filtering help with stated criteria.,Avoid senior and lead mismatch.,synthetic persona hypothesis,False,hypothesis,,,,
p17,p17-q10,Paris UX designer seeking genuine product-design scope,Paris; remote within France acceptable,Welcome to the Jungle product designer France,en,Welcome to the Jungle product designer France,evaluation,navigational,existing job board,low,Competitor navigation is not a strong acquisition target.,Check a familiar design-job alternative.,synthetic persona hypothesis,False,hypothesis,,,,
p17,p17-q11,Paris UX designer seeking genuine product-design scope,Paris; remote within France acceptable,questions entretien product designer place recherche utilisateur,fr,product designer interview questions role of user research,action,informational,design interview checks,medium,Notes help for indexed roles; employer answers still need assessment.,Confirm research time and decision-making authority.,synthetic persona hypothesis,False,hypothesis,,,,
p17,p17-q12,Paris UX designer seeking genuine product-design scope,Paris; remote within France acceptable,organiser candidatures UX designer entretiens,fr,organize UX designer applications interviews,action,informational,design application organization,medium,Stages and notes fit indexed roles; external-job import is not demonstrated.,Track new applications and interview feedback.,synthetic persona hypothesis,False,hypothesis,,,,
p18,p18-q01,Virginia security engineer seeking sustainable hours,"Virginia, US; local hybrid or eligible US remote",cybersecurity engineer jobs Virginia no clearance required,en,cybersecurity engineer jobs Virginia no clearance required,discovery,transactional,clearance exclusions,medium,Text checks can assist; explicit evidence remains necessary.,Find roles without active-clearance prerequisite,synthetic persona hypothesis,True,serp-observed,https://www.indeed.com/q-Cyber-Security-No-Clearance-l-Virginia-jobs.html | https://www.amentumcareers.com/jobs/senior-cybersecurity-engineer-iam-richmond-virginia-united-states | https://jobs.saic.com/search/jobs/in/va-virginia?q=Cybersecurity,,,
p18,p18-q02,Virginia security engineer seeking sustainable hours,"Virginia, US; local hybrid or eligible US remote",application security engineer jobs Richmond,en,application security engineer jobs Richmond,discovery,transactional,security city jobs,high,Role and location search fit.,Find local hands-on alternatives,synthetic persona hypothesis,False,hypothesis,,,,
p18,p18-q03,Virginia security engineer seeking sustainable hours,"Virginia, US; local hybrid or eligible US remote",product security jobs remote USA,en,product security jobs remote USA,discovery,transactional,product security,high,Role and employer discovery fit within covered sources.,Explore civilian product teams,synthetic persona hypothesis,False,hypothesis,,,,
p18,p18-q04,Virginia security engineer seeking sustainable hours,"Virginia, US; local hybrid or eligible US remote",security engineer jobs no on call no SOC shifts,en,security engineer jobs no on call no SOC shifts,problem,informational,security working hours,medium,Source descriptions may support filtering but omissions stay unknown.,Avoid another overnight schedule,synthetic persona hypothesis,True,serp-observed,https://www.indeed.com/q-no-on-call-cyber-security-jobs-jobs.html,,,
p18,p18-q05,Virginia security engineer seeking sustainable hours,"Virginia, US; local hybrid or eligible US remote",difference between security engineer and SOC analyst duties,en,difference between security engineer and SOC analyst duties,problem,informational,security role ambiguity,medium,Useful guide intent; title alone cannot establish work pattern.,Interpret titles before narrowing search,synthetic persona hypothesis,False,hypothesis,,,,
p18,p18-q06,Virginia security engineer seeking sustainable hours,"Virginia, US; local hybrid or eligible US remote",defense contractor cyber jobs clearance not required,en,defense contractor cyber jobs clearance not required,discovery,transactional,contractor clearance,medium,Company and description search help when wording is explicit.,Retain plausible contractor exceptions,synthetic persona hypothesis,False,hypothesis,,,,
p18,p18-q07,Virginia security engineer seeking sustainable hours,"Virginia, US; local hybrid or eligible US remote",SaaS companies hiring security engineers Virginia,en,SaaS companies hiring security engineers Virginia,discovery,informational,security employer discovery,high,Company-first discovery aligns well.,Build a civilian employer list,synthetic persona hypothesis,False,hypothesis,,,,
p18,p18-q08,Virginia security engineer seeking sustainable hours,"Virginia, US; local hybrid or eligible US remote",SAIC cyber jobs clearance none,en,SAIC cyber jobs clearance none,evaluation,navigational,employer careers,medium,Employer site is a strong direct alternative.,Inspect employer's own requirement filters,synthetic persona hypothesis,False,hypothesis,,,,
p18,p18-q09,Virginia security engineer seeking sustainable hours,"Virginia, US; local hybrid or eligible US remote",job alerts exclude active secret clearance,en,job alerts exclude active secret clearance,evaluation,commercial,negative alert criteria,medium,Paid description checks may help; ordinary exclusion controls are unverified.,Remove known disqualifying requirements,synthetic persona hypothesis,False,hypothesis,,,,
p18,p18-q10,Virginia security engineer seeking sustainable hours,"Virginia, US; local hybrid or eligible US remote",job search filter out rotating shifts,en,job search filter out rotating shifts,evaluation,commercial,working-hours filters,medium,Only explicit source wording can support a match.,Reduce schedule mismatch before opening each advert,synthetic persona hypothesis,False,hypothesis,,,,
p18,p18-q11,Virginia security engineer seeking sustainable hours,"Virginia, US; local hybrid or eligible US remote",email alerts application security jobs selected companies,en,email alerts application security jobs selected companies,action,transactional,company alerts,high,Covered-company alerts directly fit.,Follow chosen employers over time,synthetic persona hypothesis,False,hypothesis,,,,
p18,p18-q12,Virginia security engineer seeking sustainable hours,"Virginia, US; local hybrid or eligible US remote",track security engineer applications and interview notes,en,track security engineer applications and interview notes,action,transactional,application tracking,high,Tracker and interview notes can preserve unresolved questions.,Record questions about hours during interviews,synthetic persona hypothesis,False,hypothesis,,,,
p19,p19-q01,Selective Zurich risk and compliance analyst,"Zurich commuting area, Switzerland",Compliance Analyst Zürich 80 100 hybrid Jobs,de,Compliance analyst Zurich 80–100% hybrid jobs,discovery,transactional,compliance Zurich,high,Covered roles are searchable; workload and attendance need source checks.,Find compatible workload and attendance,synthetic persona hypothesis,True,serp-observed,https://www.jobs.ch/de/stellenangebote/?location=z%C3%BCrich&term=compliance%20analyst | https://www.workpool-jobs.ch/compliance-officer-80-100-zuerich-hybrid-in-zuerich/10010530sf,,,
p19,p19-q02,Selective Zurich risk and compliance analyst,"Zurich commuting area, Switzerland",Risk Analyst Jobs Zürich,de,Risk analyst jobs Zurich,discovery,transactional,risk analyst jobs,high,Occupation and location filters fit.,Survey role options,synthetic persona hypothesis,False,hypothesis,,,,
p19,p19-q03,Selective Zurich risk and compliance analyst,"Zurich commuting area, Switzerland",compliance officer jobs Zurich insurance,en,compliance officer jobs Zurich insurance,discovery,transactional,insurance compliance,high,Company and role selection fit.,Explore insurers using English titles,synthetic persona hypothesis,False,hypothesis,,,,
p19,p19-q04,Selective Zurich risk and compliance analyst,"Zurich commuting area, Switzerland",diskret Jobsuche Job Alert Bank Compliance Schweiz,de,Discreet job search alerts bank compliance Switzerland,problem,informational,discreet search,medium,Alerts reduce repeated search; confidentiality guarantees require verification.,Understand low-visibility monitoring options,synthetic persona hypothesis,True,serp-observed,https://www.jobs.ch/de/stellenangebote/?location=z%C3%BCrich&term=compliance%20analyst | https://www.efinancialcareers.com/jobs/compliance/in-zurich%2Csuisse,,,
p19,p19-q05,Selective Zurich risk and compliance analyst,"Zurich commuting area, Switzerland",Compliance Stellen 80 Prozent Homeoffice Zürich,de,Compliance jobs 80 percent home office Zurich,problem,transactional,workload and hybrid,medium,Text checks can help but numeric context matters.,Distinguish reduced workload from home-office share,synthetic persona hypothesis,False,hypothesis,,,,
p19,p19-q06,Selective Zurich risk and compliance analyst,"Zurich commuting area, Switzerland",Swiss Re compliance careers Zurich,en,Swiss Re compliance careers Zurich,discovery,navigational,employer careers,high,Company monitoring fits if covered.,Inspect a known insurer directly,synthetic persona hypothesis,False,hypothesis,,,,
p19,p19-q07,Selective Zurich risk and compliance analyst,"Zurich commuting area, Switzerland",Zürcher Kantonalbank Risk Compliance Stellen,de,Zurich Cantonal Bank risk compliance vacancies,discovery,navigational,bank careers,high,Strong company-first fit subject to coverage.,Check a shortlisted bank,synthetic persona hypothesis,False,hypothesis,,,,
p19,p19-q08,Selective Zurich risk and compliance analyst,"Zurich commuting area, Switzerland",Job Alert mehrere Banken Zürich,de,Job alert for multiple banks Zurich,evaluation,commercial,multi-company alerts,high,One saved search across selected employers fits.,Consolidate a known list,synthetic persona hypothesis,False,hypothesis,,,,
p19,p19-q09,Selective Zurich risk and compliance analyst,"Zurich commuting area, Switzerland",jobs.ch Job Alert nur bestimmte Firmen,de,jobs.ch job alert only certain companies,evaluation,informational,alerts alternatives,medium,Existing service may already solve enough of the need.,Check whether an existing tool is sufficient,synthetic persona hypothesis,False,hypothesis,,,,
p19,p19-q10,Selective Zurich risk and compliance analyst,"Zurich commuting area, Switzerland",are saved job searches visible to employers,en,are saved job searches visible to employers,evaluation,informational,search privacy,medium,"Needs factual product privacy documentation, not inference.",Verify visibility before registration,synthetic persona hypothesis,False,hypothesis,,,,
p19,p19-q11,Selective Zurich risk and compliance analyst,"Zurich commuting area, Switzerland",Job Alert Compliance Zürich kostenlos,de,Free compliance job alert Zurich,action,transactional,free compliance alerts,high,Free alerts suit low urgency.,Set a low-commitment search,synthetic persona hypothesis,False,hypothesis,,,,
p19,p19-q12,Selective Zurich risk and compliance analyst,"Zurich commuting area, Switzerland",save bank job applications interview notes privately,en,save bank job applications interview notes privately,action,transactional,application notes,medium,Tracker exists; privacy promises require validation.,Record sparse applications and interview details,synthetic persona hypothesis,False,hypothesis,,,,
p20,p20-q01,Lausanne ML PhD approaching industry transition,Lausanne; open to European research hubs,machine learning research scientist PhD graduate jobs Europe,en,machine learning research scientist PhD graduate jobs Europe,discovery,transactional,PhD industry jobs,high,Role/location discovery fits with degree and timing checks.,Find industry roles for new PhDs,synthetic persona hypothesis,True,serp-observed,https://www.citadelsecurities.com/careers/details/machine-learning-researcher-phd-graduate-europe/ | https://ellis.eu/research/jobs,,,
p20,p20-q02,Lausanne ML PhD approaching industry transition,Lausanne; open to European research hubs,applied scientist jobs Switzerland,en,applied scientist jobs Switzerland,discovery,transactional,applied science jobs,high,Role and location filters fit.,Explore nearby industry opportunities,synthetic persona hypothesis,False,hypothesis,,,,
p20,p20-q03,Lausanne ML PhD approaching industry transition,Lausanne; open to European research hubs,emploi recherche intelligence artificielle industrie Suisse,fr,AI research industry jobs Switzerland,discovery,transactional,French industry research,high,French interface and posting-language filtering help.,Search French descriptions beyond familiar labs,synthetic persona hypothesis,False,hypothesis,,,,
p20,p20-q04,Lausanne ML PhD approaching industry transition,Lausanne; open to European research hubs,emploi docteur machine learning industrie research scientist applied scientist différence,fr,ML PhD industry jobs research scientist versus applied scientist difference,problem,informational,research title comparison,medium,A guide supports discovery but definitions vary by employer.,Translate academic experience into job families,synthetic persona hypothesis,True,serp-observed,https://careercenter.cra.org/career-resources/get-the-job-2/from-faculty-researcher-to-industry-research-scientist-2026-100 | https://www.indeed.com/career-advice/finding-a-job/data-scientist-vs-research-scientist-vs-applied-scientist,,,
p20,p20-q05,Lausanne ML PhD approaching industry transition,Lausanne; open to European research hubs,apply industry research scientist before PhD defense,en,apply industry research scientist before PhD defense,problem,informational,PhD graduation timing,medium,Sources may state completion requirements; no automatic timing guarantee.,Understand application timing,synthetic persona hypothesis,False,hypothesis,,,,
p20,p20-q06,Lausanne ML PhD approaching industry transition,Lausanne; open to European research hubs,laboratoires privés machine learning Europe recrutement,fr,Private machine learning labs Europe recruitment,discovery,informational,research employer discovery,high,Company-first discovery is useful when coverage is clear.,Expand target employers,synthetic persona hypothesis,False,hypothesis,,,,
p20,p20-q07,Lausanne ML PhD approaching industry transition,Lausanne; open to European research hubs,machine learning scientist jobs Europe not PhD positions,en,machine learning scientist jobs Europe not PhD positions,discovery,transactional,academic noise exclusion,medium,Employment type and role filters help; title ambiguity remains.,Avoid offers of another doctorate,synthetic persona hypothesis,False,hypothesis,,,,
p20,p20-q08,Lausanne ML PhD approaching industry transition,Lausanne; open to European research hubs,ELLIS industry research jobs,en,ELLIS industry research jobs,evaluation,navigational,research job alternatives,medium,Specialist network may have stronger academic context.,Compare specialist network opportunities,synthetic persona hypothesis,False,hypothesis,,,,
p20,p20-q09,Lausanne ML PhD approaching industry transition,Lausanne; open to European research hubs,research scientist job alerts by research topic,en,research scientist job alerts by research topic,evaluation,commercial,research-specific alerts,medium,Description criteria may help; research-topic taxonomy is unverified.,Match research domain rather than just technology,synthetic persona hypothesis,False,hypothesis,,,,
p20,p20-q10,Lausanne ML PhD approaching industry transition,Lausanne; open to European research hubs,alerte emploi chercheur IA entreprises Europe,fr,AI researcher job alerts European companies,evaluation,commercial,European lab alerts,high,Covered employer alerts fit.,Monitor a cross-border company list,synthetic persona hypothesis,False,hypothesis,,,,
p20,p20-q11,Lausanne ML PhD approaching industry transition,Lausanne; open to European research hubs,email alerts applied scientist research scientist Zurich Paris London,en,email alerts applied scientist research scientist Zurich Paris London,action,transactional,research alerts,high,Multiple saved searches are supported within free limits.,Save several title and location variants,synthetic persona hypothesis,False,hypothesis,,,,
p20,p20-q12,Lausanne ML PhD approaching industry transition,Lausanne; open to European research hubs,suivi candidatures industrie après doctorat,fr,Track industry applications after doctorate,action,transactional,PhD application tracking,medium,Tracking fits indexed postings; arbitrary external applications are unverified.,Record research conversations and interview notes,synthetic persona hypothesis,False,hypothesis,,,,
p21,p21-q01,Spain-based full-stack contractor filling the next engagement,"Spain, remote engagements with European clients",remote full stack developer B2B contract Europe 3 months day rate,en,remote full stack developer B2B contract Europe 3 months day rate,discovery,transactional,B2B developer contracts,low,Relevant inventory and rate/duration handling remain unverified.,Find the next defined engagement,synthetic persona hypothesis,True,serp-observed,https://foxleytalent.com/jobs/contract-developer/ | https://www.signifytechnology.com/jobs/Senior-Software-Engineer-20845/,,,
p21,p21-q02,Spain-based full-stack contractor filling the next engagement,"Spain, remote engagements with European clients",freelance React Node developer jobs Europe,en,freelance React Node developer jobs Europe,discovery,transactional,freelance stack jobs,medium,Technology and employment-type filters help if supply exists.,Find stack-compatible client work,synthetic persona hypothesis,False,hypothesis,,,,
p21,p21-q03,Spain-based full-stack contractor filling the next engagement,"Spain, remote engagements with European clients",full stack contract jobs remote Spain,en,full stack contract jobs remote Spain,discovery,transactional,Spain contract jobs,medium,Location/work-mode filters help but source permission matters.,Avoid remote roles limited to another country,synthetic persona hypothesis,False,hypothesis,,,,
p21,p21-q04,Spain-based full-stack contractor filling the next engagement,"Spain, remote engagements with European clients",remote Europe contract means can work from Spain,en,remote Europe contract means can work from Spain,problem,informational,remote scope,low,Cannot decide contracting eligibility; only surface source restrictions.,Clarify location wording before applying,synthetic persona hypothesis,False,hypothesis,,,,
p21,p21-q05,Spain-based full-stack contractor filling the next engagement,"Spain, remote engagements with European clients",six month freelance software developer contract EUR day rate,en,six month freelance software developer contract EUR day rate,discovery,transactional,contract terms,low,Duration and day-rate controls are not demonstrated.,Compare defined durations and compensation,synthetic persona hypothesis,False,hypothesis,,,,
p21,p21-q06,Spain-based full-stack contractor filling the next engagement,"Spain, remote engagements with European clients",freelance developer remote Europe contract jobs alerts day rate Spain,en,freelance developer remote Europe contract jobs alerts day rate Spain,evaluation,commercial,freelance alerts,medium,Alert mechanism fits but rate and B2B accuracy need evidence.,Find targeted contract alerts,synthetic persona hypothesis,True,serp-observed,https://toproles.eu/contract | https://uk.linkedin.com/jobs/view/senior-full-stack-developer-3-x-3-month-contractors-required-at-acquire-4457471702,,,
p21,p21-q07,Spain-based full-stack contractor filling the next engagement,"Spain, remote engagements with European clients",B2B contract job board Europe versus LinkedIn,en,B2B contract job board Europe versus LinkedIn,evaluation,commercial,contract board alternatives,low,Specialist boards may better match engagement metadata.,Choose a reliable source for contractor work,synthetic persona hypothesis,False,hypothesis,,,,
p21,p21-q08,Spain-based full-stack contractor filling the next engagement,"Spain, remote engagements with European clients",job search exclude permanent full time developer,en,job search exclude permanent full time developer,evaluation,commercial,employment-type filtering,medium,EmploymentTypes exist; verify contract category semantics.,Remove employee roles from results,synthetic persona hypothesis,False,hypothesis,,,,
p21,p21-q09,Spain-based full-stack contractor filling the next engagement,"Spain, remote engagements with European clients",contract developer job advertised closed still online,en,contract developer job advertised closed still online,problem,informational,contract freshness,medium,Monitoring can help but guaranteed freshness is not supported.,Stop wasting time on ended assignments,synthetic persona hypothesis,False,hypothesis,,,,
p21,p21-q10,Spain-based full-stack contractor filling the next engagement,"Spain, remote engagements with European clients",recruiters remote EU JavaScript contracts,en,recruiters remote EU JavaScript contracts,discovery,informational,contract recruiters,low,Company-career coverage may miss recruiter-only mandates.,Find intermediary sources of work,synthetic persona hypothesis,False,hypothesis,,,,
p21,p21-q11,Spain-based full-stack contractor filling the next engagement,"Spain, remote engagements with European clients",free alerts remote contract TypeScript Europe,en,free alerts remote contract TypeScript Europe,action,transactional,free contractor alerts,medium,Free filters and alerts support a trial of fit.,Test useful inventory with no commitment,synthetic persona hypothesis,False,hypothesis,,,,
p21,p21-q12,Spain-based full-stack contractor filling the next engagement,"Spain, remote engagements with European clients",track freelance developer contract applications,en,track freelance developer contract applications,action,transactional,contract application tracking,medium,Indexed posting tracking exists; external leads and client CRM are unverified.,Track discussions with covered opportunities,synthetic persona hypothesis,False,hypothesis,,,,
p22,p22-q01,Swiss operations director selectively considering COO roles,"Switzerland, flexible across suitable business locations",COO head of operations jobs Switzerland midsize,en,COO head of operations jobs Switzerland midsize,discovery,transactional,Swiss executive operations,medium,Search helps with public roles but firm size and scope require review.,Find suitable operating mandates,synthetic persona hypothesis,True,serp-observed,https://www.jobs.ch/de/stellenangebote/?term=coo | https://baselaunch.ch/wp-content/uploads/2024/09/COO-Advertisement_BaseLaunch_portfolio-copmany-in-stealth.pdf,,,
p22,p22-q02,Swiss operations director selectively considering COO roles,"Switzerland, flexible across suitable business locations",COO Stellen Schweiz,de,COO vacancies Switzerland,discovery,transactional,COO jobs,medium,Role and geography fit; inventory may be sparse.,Survey published opportunities,synthetic persona hypothesis,False,hypothesis,,,,
p22,p22-q03,Swiss operations director selectively considering COO roles,"Switzerland, flexible across suitable business locations",Head of Operations Zürich,en,Head of Operations Zürich,discovery,transactional,operations leadership jobs,medium,Title often spans different authority levels.,Explore alternative senior title,synthetic persona hypothesis,False,hypothesis,,,,
p22,p22-q04,Swiss operations director selectively considering COO roles,"Switzerland, flexible across suitable business locations",diskrete Stellensuche COO Schweiz Stellen Executive Search,de,Discreet COO job search Switzerland executive search,problem,commercial,executive search alternatives,low,Search-firm mandates and relationships exceed product capability.,Compare confidential channels,synthetic persona hypothesis,True,serp-observed,https://www.abexis.ch/executive-search,,,
p22,p22-q05,Swiss operations director selectively considering COO roles,"Switzerland, flexible across suitable business locations",Leiter Operations Mitglied Geschäftsleitung Stellen,de,Head of operations executive management member vacancies,discovery,transactional,executive scope,medium,Description checks may identify explicitly stated scope.,Find roles with management-team responsibility,synthetic persona hypothesis,False,hypothesis,,,,
p22,p22-q06,Swiss operations director selectively considering COO roles,"Switzerland, flexible across suitable business locations",operations director jobs Swiss medium sized companies,en,operations director jobs Swiss medium sized companies,discovery,transactional,midsize operations,medium,Company facts and source review needed; size filter is not assumed.,Match company scale,synthetic persona hypothesis,False,hypothesis,,,,
p22,p22-q07,Swiss operations director selectively considering COO roles,"Switzerland, flexible across suitable business locations",COO versus head of operations reporting to CEO job description,en,COO versus head of operations reporting to CEO job description,problem,informational,leadership title ambiguity,medium,A source-based guide can assist without universal definitions.,Interpret responsibilities behind titles,synthetic persona hypothesis,False,hypothesis,,,,
p22,p22-q08,Swiss operations director selectively considering COO roles,"Switzerland, flexible across suitable business locations",Stellenalarm nur ausgewählte Firmen Schweiz,de,Job alerts only selected companies Switzerland,evaluation,commercial,company alerts,high,Strong fit for published openings at covered employers.,Monitor a small company list,synthetic persona hypothesis,False,hypothesis,,,,
p22,p22-q09,Swiss operations director selectively considering COO roles,"Switzerland, flexible across suitable business locations",private job alerts without public candidate profile,en,private job alerts without public candidate profile,evaluation,commercial,discreet monitoring,medium,Needs verified product visibility documentation.,Avoid public availability signals,synthetic persona hypothesis,False,hypothesis,,,,
p22,p22-q10,Swiss operations director selectively considering COO roles,"Switzerland, flexible across suitable business locations",Monitor Karriereseiten Führungskräfte Stellen,de,Monitor careers pages for leadership vacancies,evaluation,commercial,career-page monitoring,high,Core monitoring mechanism aligns.,Stop checking infrequent openings manually,synthetic persona hypothesis,False,hypothesis,,,,
p22,p22-q11,Swiss operations director selectively considering COO roles,"Switzerland, flexible across suitable business locations",COO operations director job alerts Switzerland,en,COO operations director job alerts Switzerland,action,transactional,executive alerts,high,Saved search alerts fit within verified coverage.,Save several relevant titles,synthetic persona hypothesis,False,hypothesis,,,,
p22,p22-q12,Swiss operations director selectively considering COO roles,"Switzerland, flexible across suitable business locations",Interviewnotizen Bewerbungen Führungskräfte speichern,de,Save interview notes for executive applications,action,transactional,executive application notes,medium,Indexed-job notes fit; offline recruiter mandates cannot be assumed importable.,Preserve details of a few indexed opportunities,synthetic persona hypothesis,False,hypothesis,,,,
p23,p23-q01,French independent career coach supporting ten clients,"France, clients in several French regions",outil suivi recherche emploi clients coach carrière,fr,Job-search tracking tool for career coach clients,discovery,commercial,coach tools,low,Personal tracking is not multi-client administration.,Find a professional workflow aid,synthetic persona hypothesis,True,serp-observed,https://jobwinner.ai/fr/plateforme-de-carriere/conseillers-de-carriere/ | https://www.francetravail.fr/candidat/vos-services-en-ligne/emploi-store/emploi-store-prepare-candidature/myjob-booster-gerer-candidature.html,,,
p23,p23-q02,French independent career coach supporting ten clients,"France, clients in several French regions",sites emploi reconversion professionnelle France,fr,Job sites for career change France,discovery,informational,career-change resources,medium,Role discovery can help but skills-transfer coaching is separate.,Find resources useful across clients,synthetic persona hypothesis,False,hypothesis,,,,
p23,p23-q03,French independent career coach supporting ten clients,"France, clients in several French regions",offres emploi retour après pause professionnelle,fr,Jobs returning after a career break,discovery,transactional,return-to-work jobs,medium,Source descriptions help; inclusion or acceptance cannot be guaranteed.,Identify plausible opportunities for returners,synthetic persona hypothesis,False,hypothesis,,,,
p23,p23-q04,French independent career coach supporting ten clients,"France, clients in several French regions",partager liste offres emploi accompagnement reconversion clients alertes,fr,Share job lists and alerts with career-change coaching clients,problem,commercial,shared job research,low,Shared lists and permissions are unverified.,Coordinate research without scattered links,synthetic persona hypothesis,True,serp-observed,https://www.francetravail.fr/candidat/vos-services-en-ligne/emploi-store/emploi-store-prepare-candidature/myjob-booster-gerer-candidature.html | https://www.hatch.jobs/fr/,,,
p23,p23-q05,French independent career coach supporting ten clients,"France, clients in several French regions",aider un client à cibler des entreprises recherche emploi,fr,Help a client target employers in a job search,problem,informational,employer targeting coaching,high,Company-first discovery supports a referral guide.,Teach a reusable search method,synthetic persona hypothesis,False,hypothesis,,,,
p23,p23-q06,French independent career coach supporting ten clients,"France, clients in several French regions",entreprises qui recrutent profils en reconversion,fr,Companies hiring career changers,discovery,informational,career-change employer discovery,medium,"Need explicit source evidence, not employer-wide labels.",Build target lists grounded in actual requirements,synthetic persona hypothesis,False,hypothesis,,,,
p23,p23-q07,French independent career coach supporting ten clients,"France, clients in several French regions",tableau suivi candidatures gratuit français,fr,Free French application tracking table,evaluation,commercial,free candidate tracking,medium,Indexed-job tracker fits; external manual entries unverified.,Recommend a low-barrier personal tracker,synthetic persona hypothesis,False,hypothesis,,,,
p23,p23-q08,French independent career coach supporting ten clients,"France, clients in several French regions",France Travail alertes emploi plusieurs métiers,fr,France Travail job alerts for several occupations,evaluation,informational,public-service alternatives,medium,Alternative may solve the basic alert need.,Compare clients' existing service,synthetic persona hypothesis,False,hypothesis,,,,
p23,p23-q09,French independent career coach supporting ten clients,"France, clients in several French regions",logiciel coach emploi accès clients confidentialité,fr,Career coach software client access confidentiality,evaluation,commercial,coach permissions,low,No coach role or delegated private access demonstrated.,Check permissions before sharing records,synthetic persona hypothesis,False,hypothesis,,,,
p23,p23-q10,French independent career coach supporting ten clients,"France, clients in several French regions",recherche emploi compétences transférables sans même intitulé,fr,Job search transferable skills without same title,evaluation,informational,transferable-skill search,medium,"Description criteria may support exploration, not establish fit.",Avoid trapping changers in old occupation labels,synthetic persona hypothesis,False,hypothesis,,,,
p23,p23-q11,French independent career coach supporting ten clients,"France, clients in several French regions",créer une alerte emploi gratuite entreprises choisies,fr,Create free job alerts for chosen companies,action,transactional,client self-service alerts,high,Individual free alerts are a credible referral outcome.,Have each client configure their own search,synthetic persona hypothesis,False,hypothesis,,,,
p23,p23-q12,French independent career coach supporting ten clients,"France, clients in several French regions",suivre ses candidatures et notes entretien en français,fr,Track one's applications and interview notes in French,action,transactional,personal application notes,high,French interface and indexed-posting notes fit; clients decide what to share.,Let clients maintain records for indexed jobs,synthetic persona hypothesis,False,hypothesis,,,,
p24,p24-q01,Developer assembling a personal job-search automation,Location unspecified; needs configurable geography,job search API MCP server open source,en,job search API MCP server open source,discovery,commercial,job API MCP,high,Existing hosted MCP and local package meet interface discovery intent; code/data terms still need explicit documentation.,Find an interface for a personal assistant,synthetic persona hypothesis,True,serp-observed,https://github.com/TadMSTR/jobsearch-mcp | https://github.com/JoboAI/jobo-mcp,,,
p24,p24-q02,Developer assembling a personal job-search automation,Location unspecified; needs configurable geography,open source job search tools,en,open source job search tools,discovery,informational,open-source job tools,medium,Local MCP package offers a technical entry point; clarify source availability and licensing rather than assuming all data is open.,Survey reusable components,synthetic persona hypothesis,False,hypothesis,,,,
p24,p24-q03,Developer assembling a personal job-search automation,Location unspecified; needs configurable geography,company careers page job alerts,en,company careers page job alerts,discovery,commercial,career-page alerts,high,Managed covered-company alerts directly fit.,Consider a managed alternative,synthetic persona hypothesis,False,hypothesis,,,,
p24,p24-q04,Developer assembling a personal job-search automation,Location unspecified; needs configurable geography,open source monitor company careers pages new jobs alerts personal automation,en,open source monitor company careers pages new jobs alerts personal automation,problem,informational,self-hosted job monitoring,medium,"Managed monitoring is an alternative, but self-hosting intent differs.",Replace fragile hand-written monitoring,synthetic persona hypothesis,True,serp-observed,https://github.com/SirFuzzyWalls/job-alerts | https://firstpost.io/,,,
p24,p24-q05,Developer assembling a personal job-search automation,Location unspecified; needs configurable geography,deduplicate job postings stable id career page monitor,en,deduplicate job postings stable id career page monitor,problem,informational,job deduplication engineering,medium,Developer guide can explain verified identifiers; incremental/deletion semantics require documentation.,Avoid repeated notifications from changed pages,synthetic persona hypothesis,False,hypothesis,,,,
p24,p24-q06,Developer assembling a personal job-search automation,Location unspecified; needs configurable geography,Greenhouse Lever Ashby job board API personal job search,en,Greenhouse Lever Ashby job board API personal job search,discovery,informational,ATS APIs,medium,Existing aggregated MCP/API is an alternative to maintaining direct ATS integrations; coverage must be shown.,Use direct ATS integrations where possible,synthetic persona hypothesis,False,hypothesis,,,,
p24,p24-q07,Developer assembling a personal job-search automation,Location unspecified; needs configurable geography,self hosted job watcher versus paid job alerts,en,self hosted job watcher versus paid job alerts,evaluation,commercial,build versus buy alerts,medium,"Potential managed-alert conversion, requiring coverage proof.",Trade maintenance time against hosted convenience,synthetic persona hypothesis,False,hypothesis,,,,
p24,p24-q08,Developer assembling a personal job-search automation,Location unspecified; needs configurable geography,job search API updated since timestamp deleted jobs,en,job search API updated since timestamp deleted jobs,evaluation,commercial,incremental job API,medium,"Public interface exists, but these synchronization semantics are not established by verified tool list.",Assess incremental sync capabilities,synthetic persona hypothesis,False,hypothesis,,,,
p24,p24-q09,Developer assembling a personal job-search automation,Location unspecified; needs configurable geography,MCP job search server location salary filters,en,MCP job search server location salary filters,evaluation,commercial,MCP structured search,high,Verified search_jobs tool is relevant; document exactly which filters it accepts.,Compare programmatic query support,synthetic persona hypothesis,False,hypothesis,,,,
p24,p24-q10,Developer assembling a personal job-search automation,Location unspecified; needs configurable geography,job data API personal use license,en,job data API personal use license,evaluation,informational,job data permissions,medium,Legitimate documentation need; actual terms determine permitted uses.,Find explicit permitted-use terms,synthetic persona hypothesis,False,hypothesis,,,,
p24,p24-q11,Developer assembling a personal job-search automation,Location unspecified; needs configurable geography,free job alerts specific companies email,en,free job alerts specific companies email,action,transactional,free company alerts,high,Existing free alerts can satisfy personal monitoring.,Try a simpler hosted workflow,synthetic persona hypothesis,False,hypothesis,,,,
p24,p24-q12,Developer assembling a personal job-search automation,Location unspecified; needs configurable geography,connect job search API to personal assistant,en,connect job search API to personal assistant,action,transactional,personal job automation,high,Hosted unauthenticated MCP and local package provide documented integration paths.,Integrate selected provider,synthetic persona hypothesis,False,hypothesis,,,,
p25,p25-q01,Sydney civil engineer wanting metropolitan projects,"Sydney metropolitan area, Australia",civil engineer jobs Sydney infrastructure,en,civil engineer jobs Sydney infrastructure,discovery,transactional,Sydney civil jobs,high,"Role/location discovery fits, subject to actual worksites.",Survey metro infrastructure roles,synthetic persona hypothesis,True,serp-observed,https://au.seek.com/civil%2Bengineer-jobs/in-All-Sydney-NSW | https://talent.sydneywater.com.au/job/7G8RG/PM9H4ZRMFL/civil-engineer,,,
p25,p25-q02,Sydney civil engineer wanting metropolitan projects,"Sydney metropolitan area, Australia",project engineer jobs Western Sydney,en,project engineer jobs Western Sydney,discovery,transactional,metro engineering jobs,high,Role and location filters fit; commute routing is unverified.,Look near a plausible daily commute,synthetic persona hypothesis,False,hypothesis,,,,
p25,p25-q03,Sydney civil engineer wanting metropolitan projects,"Sydney metropolitan area, Australia",site engineer water infrastructure Sydney,en,site engineer water infrastructure Sydney,discovery,transactional,utility engineering,high,Company and role filters can broaden employers.,Consider utilities infrastructure,synthetic persona hypothesis,False,hypothesis,,,,
p25,p25-q04,Sydney civil engineer wanting metropolitan projects,"Sydney metropolitan area, Australia",civil engineer Sydney jobs no FIFO Monday Friday infrastructure,en,civil engineer Sydney jobs no FIFO Monday Friday infrastructure,problem,transactional,FIFO exclusions,medium,Description checks help only where work patterns are explicit.,Avoid extended rotations,synthetic persona hypothesis,True,serp-observed,https://au.seek.com/civil%2Bengineer-jobs/in-All-Sydney-NSW,,,
p25,p25-q05,Sydney civil engineer wanting metropolitan projects,"Sydney metropolitan area, Australia",Sydney based engineer job regional travel requirements,en,Sydney based engineer job regional travel requirements,problem,informational,site-location ambiguity,medium,A guide can teach source verification.,Interpret hiring-base versus project location,synthetic persona hypothesis,False,hypothesis,,,,
p25,p25-q06,Sydney civil engineer wanting metropolitan projects,"Sydney metropolitan area, Australia",civil contractors metropolitan Sydney careers,en,civil contractors metropolitan Sydney careers,discovery,informational,contractor discovery,high,Company-first discovery fits verified coverage.,Expand the known contractor list,synthetic persona hypothesis,False,hypothesis,,,,
p25,p25-q07,Sydney civil engineer wanting metropolitan projects,"Sydney metropolitan area, Australia",Sydney Water civil engineer careers,en,Sydney Water civil engineer careers,discovery,navigational,utility careers,high,Company monitoring fits if covered.,Inspect a utility alternative,synthetic persona hypothesis,False,hypothesis,,,,
p25,p25-q08,Sydney civil engineer wanting metropolitan projects,"Sydney metropolitan area, Australia",SEEK job alerts exclude FIFO DIDO,en,SEEK job alerts exclude FIFO DIDO,evaluation,informational,engineering alert alternatives,medium,Description-level criteria may add value but cannot guarantee exclusion.,Compare existing alert controls,synthetic persona hypothesis,False,hypothesis,,,,
p25,p25-q09,Sydney civil engineer wanting metropolitan projects,"Sydney metropolitan area, Australia",job alerts project engineer selected contractors,en,job alerts project engineer selected contractors,evaluation,commercial,contractor alerts,high,Selected-company alerts align.,Consolidate known employer searches,synthetic persona hypothesis,False,hypothesis,,,,
p25,p25-q10,Sydney civil engineer wanting metropolitan projects,"Sydney metropolitan area, Australia",civil engineering job filter actual project location,en,civil engineering job filter actual project location,evaluation,commercial,project-location filtering,medium,Posting location exists; precise site extraction needs proof.,Find a reliable worksite filter,synthetic persona hypothesis,False,hypothesis,,,,
p25,p25-q11,Sydney civil engineer wanting metropolitan projects,"Sydney metropolitan area, Australia",free civil engineer job alerts Sydney,en,free civil engineer job alerts Sydney,action,transactional,free engineering alerts,high,Free saved searches fit.,Test alert relevance,synthetic persona hypothesis,False,hypothesis,,,,
p25,p25-q12,Sydney civil engineer wanting metropolitan projects,"Sydney metropolitan area, Australia",track engineering applications interview travel questions,en,track engineering applications interview travel questions,action,transactional,application notes,medium,Notes fit indexed jobs; employer guarantees remain external.,Keep answers about rotations with applications,synthetic persona hypothesis,False,hypothesis,,,,
p26,p26-q01,Singapore analyst moving from contract to permanent work,Singapore,finance business analyst permanent hybrid Singapore regional,en,finance business analyst permanent hybrid Singapore regional,discovery,transactional,Singapore permanent finance,high,"Employment type, work mode and role search fit.",Find permanent regional finance opportunities,synthetic persona hypothesis,True,serp-observed,"https://careers.camparigroup.com/job/Singapore-Regional-Finance-Analyst,-APAC-000000/1435748033/ | https://www.randstad.com.sg/jobs/senior-financial-analyst-west-hybrid_singapore_46742965/",,,
p26,p26-q02,Singapore analyst moving from contract to permanent work,Singapore,FP&A analyst jobs Singapore,en,FP&A analyst jobs Singapore,discovery,transactional,FP&A jobs,high,Role/title variants broaden relevant discovery.,Explore an adjacent finance title,synthetic persona hypothesis,False,hypothesis,,,,
p26,p26-q03,Singapore analyst moving from contract to permanent work,Singapore,regional business analyst Singapore jobs,en,regional business analyst Singapore jobs,discovery,transactional,regional analyst jobs,medium,Need responsibilities to distinguish finance and IT.,Find regional remit roles,synthetic persona hypothesis,False,hypothesis,,,,
p26,p26-q04,Singapore analyst moving from contract to permanent work,Singapore,business analyst Singapore jobs existing right to work permanent hybrid,en,business analyst Singapore jobs existing right to work permanent hybrid,problem,transactional,eligibility wording,medium,Description checks help; missing text stays unknown.,Identify explicit local-work requirements,synthetic persona hypothesis,True,serp-observed,"https://careers.camparigroup.com/job/Singapore-Regional-Finance-Analyst,-APAC-000000/1435748033/ | https://www.efinancialcareers.sg/jobs/hybrid/finance-business-analyst/in-singapore",,,
p26,p26-q05,Singapore analyst moving from contract to permanent work,Singapore,full time versus permanent Singapore job advert,en,full time versus permanent Singapore job advert,problem,informational,contract labels,medium,"Guide should use listing examples, not legal advice.",Interpret job classifications without assuming contract duration,synthetic persona hypothesis,False,hypothesis,,,,
p26,p26-q06,Singapore analyst moving from contract to permanent work,Singapore,regional headquarters Singapore finance careers,en,regional headquarters Singapore finance careers,discovery,informational,regional employer discovery,high,Company-first discovery fits coverage.,Build a shortlist of relevant employers,synthetic persona hypothesis,False,hypothesis,,,,
p26,p26-q07,Singapore analyst moving from contract to permanent work,Singapore,commercial finance analyst hybrid Singapore permanent,en,commercial finance analyst hybrid Singapore permanent,discovery,transactional,commercial finance,high,Role and work-mode filters fit.,Narrow towards commercial analysis,synthetic persona hypothesis,False,hypothesis,,,,
p26,p26-q08,Singapore analyst moving from contract to permanent work,Singapore,Jobstreet finance analyst alerts permanent only,en,Jobstreet finance analyst alerts permanent only,evaluation,informational,Singapore alert alternatives,medium,Existing board may solve basic filters.,Compare existing search tools,synthetic persona hypothesis,False,hypothesis,,,,
p26,p26-q09,Singapore analyst moving from contract to permanent work,Singapore,job alerts Singapore selected multinational companies,en,job alerts Singapore selected multinational companies,evaluation,commercial,company alerts,high,Selected-company monitoring fits.,Consolidate known regional employers,synthetic persona hypothesis,False,hypothesis,,,,
p26,p26-q10,Singapore analyst moving from contract to permanent work,Singapore,filter analyst jobs exclude six month contract,en,filter analyst jobs exclude six month contract,evaluation,commercial,permanent-role filtering,high,Employment-type filtering plus source text can help.,Avoid another temporary assignment,synthetic persona hypothesis,False,hypothesis,,,,
p26,p26-q11,Singapore analyst moving from contract to permanent work,Singapore,free hybrid finance analyst alerts Singapore,en,free hybrid finance analyst alerts Singapore,action,transactional,free finance alerts,high,Free alerts fit budget and urgency.,Keep new opportunities arriving during active search,synthetic persona hypothesis,False,hypothesis,,,,
p26,p26-q12,Singapore analyst moving from contract to permanent work,Singapore,track Singapore job applications interview start dates,en,track Singapore job applications interview start dates,action,transactional,application timing,medium,Indexed-job notes fit; external application import unverified.,Organize active processes and proposed starts,synthetic persona hypothesis,False,hypothesis,,,,
p27,p27-q01,Montreal bilingual customer-success manager choosing SaaS employers,"Montreal, Quebec; remote within Quebec/Canada",gestionnaire succès client SaaS Montréal télétravail,fr,SaaS customer-success manager Montreal remote,discovery,transactional,Quebec customer success,high,"Role, employer and remote filters fit.",Find local-compatible SaaS roles,synthetic persona hypothesis,True,serp-observed,https://fourwaves.com/careers/customer-success-manager/ | https://petalmd.recruitee.com/l/fr/o/digital-scaled-customer-success-manager,,,
p27,p27-q02,Montreal bilingual customer-success manager choosing SaaS employers,"Montreal, Quebec; remote within Quebec/Canada",emploi réussite client Québec,fr,Customer-success jobs Quebec,discovery,transactional,French success titles,high,Multiple title variants help recall.,Try a French title variant,synthetic persona hypothesis,False,hypothesis,,,,
p27,p27-q03,Montreal bilingual customer-success manager choosing SaaS employers,"Montreal, Quebec; remote within Quebec/Canada",customer success manager Montreal SaaS,en,customer success manager Montreal SaaS,discovery,transactional,English CSM titles,high,English posting discovery is relevant to bilingual candidate.,Catch English-titled postings,synthetic persona hypothesis,False,hypothesis,,,,
p27,p27-q04,Montreal bilingual customer-success manager choosing SaaS employers,"Montreal, Quebec; remote within Quebec/Canada",customer success manager remote Canada Quebec bilingual French jobs,en,customer success manager remote Canada Quebec bilingual French jobs,problem,transactional,remote Canada eligibility,medium,Source wording must confirm geographic scope.,Find explicit Quebec-compatible remote work,synthetic persona hypothesis,True,serp-observed,https://fourwaves.com/careers/customer-success-manager/ | https://canada-appliedsystems.icims.com/jobs/7510/bilingual-%28french%29-sr.-customer-success-manager/job?in_iframe=1,,,
p27,p27-q05,Montreal bilingual customer-success manager choosing SaaS employers,"Montreal, Quebec; remote within Quebec/Canada",offre télétravail Canada résidence Québec obligatoire,fr,Remote Canada job Quebec residence required,problem,informational,remote province restrictions,medium,"Description checks support evidence, not eligibility guarantees.",Interpret location restrictions,synthetic persona hypothesis,False,hypothesis,,,,
p27,p27-q06,Montreal bilingual customer-success manager choosing SaaS employers,"Montreal, Quebec; remote within Quebec/Canada",entreprises SaaS Québec recrutement customer success,fr,Quebec SaaS companies recruiting customer success,discovery,informational,SaaS employer discovery,high,Company-first model aligns.,Build an employer shortlist,synthetic persona hypothesis,False,hypothesis,,,,
p27,p27-q07,Montreal bilingual customer-success manager choosing SaaS employers,"Montreal, Quebec; remote within Quebec/Canada",Petal carrières réussite client,fr,Petal careers customer success,discovery,navigational,employer careers,high,Company alerts fit if covered.,Check a specific employer,synthetic persona hypothesis,False,hypothesis,,,,
p27,p27-q08,Montreal bilingual customer-success manager choosing SaaS employers,"Montreal, Quebec; remote within Quebec/Canada",alerte emploi français anglais Montréal SaaS,fr,French English Montreal SaaS job alerts,evaluation,commercial,bilingual alerts,high,Multiple saved searches support variants.,Avoid missing bilingual title variations,synthetic persona hypothesis,False,hypothesis,,,,
p27,p27-q09,Montreal bilingual customer-success manager choosing SaaS employers,"Montreal, Quebec; remote within Quebec/Canada",filtrer emplois télétravail Canada pas France,fr,Filter remote jobs Canada not France,evaluation,commercial,remote territory filtering,high,Country and work-mode filters help; restrictions still need review.,Reduce European noise,synthetic persona hypothesis,False,hypothesis,,,,
p27,p27-q10,Montreal bilingual customer-success manager choosing SaaS employers,"Montreal, Quebec; remote within Quebec/Canada",customer success manager vs support SaaS duties,en,customer success manager vs support SaaS duties,evaluation,informational,customer-success scope,medium,Source responsibility checks can help.,Assess work behind title,synthetic persona hypothesis,False,hypothesis,,,,
p27,p27-q11,Montreal bilingual customer-success manager choosing SaaS employers,"Montreal, Quebec; remote within Quebec/Canada",alerte gratuite emplois entreprises SaaS choisies,fr,Free job alerts for selected SaaS companies,action,transactional,company alerts,high,Free selected-company alerts fit.,Monitor a selective list,synthetic persona hypothesis,False,hypothesis,,,,
p27,p27-q12,Montreal bilingual customer-success manager choosing SaaS employers,"Montreal, Quebec; remote within Quebec/Canada",suivi candidatures notes entretiens customer success,fr,Track customer-success applications and interview notes,action,transactional,application notes,medium,Indexed-job tracking fits.,Record remit and territory confirmations,synthetic persona hypothesis,False,hypothesis,,,,
p28,p28-q01,Irish technical writer returning with a documentation portfolio,Ireland; remote within Ireland,technical writer remote Ireland jobs,en,technical writer remote Ireland jobs,discovery,transactional,Irish technical-writing jobs,high,Role and work-mode search fit.,Find geographically compatible writing roles,synthetic persona hypothesis,True,serp-observed,https://bardglobal.com/technical-writing-careers/ | https://astreya.wd5.myworkdayjobs.com/life-at-astreya-opportunities/job/Remote-Ireland/Technical-Writer-II_R0016292,,,
p28,p28-q02,Irish technical writer returning with a documentation portfolio,Ireland; remote within Ireland,documentation specialist jobs Ireland,en,documentation specialist jobs Ireland,discovery,transactional,documentation jobs,high,Title variants can improve recall.,Try related writing titles,synthetic persona hypothesis,False,hypothesis,,,,
p28,p28-q03,Irish technical writer returning with a documentation portfolio,Ireland; remote within Ireland,API documentation writer jobs remote,en,API documentation writer jobs remote,discovery,transactional,API writing jobs,medium,Technical keywords need occupation guardrails and Ireland scope.,Use portfolio specialization,synthetic persona hypothesis,False,hypothesis,,,,
p28,p28-q04,Irish technical writer returning with a documentation portfolio,Ireland; remote within Ireland,technical writer return career break flexible hours remote Ireland,en,technical writer return career break flexible hours remote Ireland,problem,transactional,returner writing jobs,medium,No returner or flexibility guarantee; source evidence needed.,Find a workable return route,synthetic persona hypothesis,True,serp-observed,https://bardglobal.com/technical-writing-careers/ | https://ie.linkedin.com/jobs/view/sr-associate-technical-writer-career-returner-at-workday-3623766315,,,
p28,p28-q05,Irish technical writer returning with a documentation portfolio,Ireland; remote within Ireland,technical writer job search exclude developer roles,en,technical writer job search exclude developer roles,problem,informational,writer developer confusion,medium,Occupation filters and description checks help.,Remove misleading technology matches,synthetic persona hypothesis,False,hypothesis,,,,
p28,p28-q06,Irish technical writer returning with a documentation portfolio,Ireland; remote within Ireland,companies hiring technical writers Ireland remote,en,companies hiring technical writers Ireland remote,discovery,informational,writing employer discovery,high,Company-first search fits coverage.,Discover relevant teams,synthetic persona hypothesis,False,hypothesis,,,,
p28,p28-q07,Irish technical writer returning with a documentation portfolio,Ireland; remote within Ireland,technical writer returnship Ireland,en,technical writer returnship Ireland,discovery,transactional,writing returnships,medium,Specific programmes may be scarce and time-bound.,Check formal returner options,synthetic persona hypothesis,False,hypothesis,,,,
p28,p28-q08,Irish technical writer returning with a documentation portfolio,Ireland; remote within Ireland,technical writing jobs flexible hours not just remote,en,technical writing jobs flexible hours not just remote,evaluation,commercial,flexible writing hours,medium,Work mode exists; exact hours require source text.,Verify working pattern,synthetic persona hypothesis,False,hypothesis,,,,
p28,p28-q09,Irish technical writer returning with a documentation portfolio,Ireland; remote within Ireland,LinkedIn technical writer alerts too many software engineers,en,LinkedIn technical writer alerts too many software engineers,evaluation,informational,writer alert alternatives,medium,Can test role precision rather than promise perfection.,Compare alert precision,synthetic persona hypothesis,False,hypothesis,,,,
p28,p28-q10,Irish technical writer returning with a documentation portfolio,Ireland; remote within Ireland,job alerts documentation teams selected companies,en,job alerts documentation teams selected companies,evaluation,commercial,documentation alerts,high,Covered-company alerts fit.,Monitor relevant employers,synthetic persona hypothesis,False,hypothesis,,,,
p28,p28-q11,Irish technical writer returning with a documentation portfolio,Ireland; remote within Ireland,free technical writer job alerts Ireland,en,free technical writer job alerts Ireland,action,transactional,free writing alerts,high,Free alerts suit returner exploration.,Start low-cost monitoring,synthetic persona hypothesis,False,hypothesis,,,,
p28,p28-q12,Irish technical writer returning with a documentation portfolio,Ireland; remote within Ireland,track technical writing applications portfolio sent,en,track technical writing applications portfolio sent,action,transactional,portfolio application notes,medium,Notes for indexed postings fit; portfolio generation does not.,Record portfolio versions and conversations,synthetic persona hypothesis,False,hypothesis,,,,
p29,p29-q01,Cologne vocational student finding an electrical apprenticeship,Cologne and practical local commute,Ausbildung Elektroniker Köln 2027,de,Electronics apprenticeship Cologne 2027,discovery,transactional,Cologne apprenticeships,medium,Good conditional fit if apprenticeship inventory is substantial.,Find local training openings,synthetic persona hypothesis,True,serp-observed,https://www.arbeitsagentur.de/jobsuche/jobdetail/10001-1003668060-S | https://db.jobs/de-de/Suche/--13901374?jobId=628542,,,
p29,p29-q02,Cologne vocational student finding an electrical apprenticeship,Cologne and practical local commute,Elektriker Ausbildung Köln,de,Electrician apprenticeship Cologne,discovery,transactional,electrician apprenticeship terms,medium,Needs mapping to formal specializations.,Use ordinary language for the trade,synthetic persona hypothesis,False,hypothesis,,,,
p29,p29-q03,Cologne vocational student finding an electrical apprenticeship,Cologne and practical local commute,Ausbildungsplätze Elektrotechnik Köln Umgebung,de,Electrical training places around Cologne,discovery,transactional,local training jobs,medium,Location filters help; school commute remains separate.,Broaden nearby options,synthetic persona hypothesis,False,hypothesis,,,,
p29,p29-q04,Cologne vocational student finding an electrical apprenticeship,Cologne and practical local commute,Elektroniker Ausbildung Köln Ausbildungsbeginn Bewerbungsfrist 2027,de,Electronics Cologne apprenticeship start and application deadline 2027,problem,informational,apprenticeship timing,medium,Sources provide starts; deadline reminders are not demonstrated.,Avoid missing the correct intake,synthetic persona hypothesis,True,serp-observed,https://db.jobs/de-de/Suche/--13901374?jobId=628542 | https://www.ausbildung.siemens.com/offer/elektroniker-w-m-d-fur-it-iot-syste/9b9daf67-20f3-4d17-b719-c0e2d5b547df,,,
p29,p29-q05,Cologne vocational student finding an electrical apprenticeship,Cologne and practical local commute,Elektroniker Betriebstechnik oder Energie Gebäudetechnik Ausbildung,de,Industrial electronics or building energy electronics apprenticeship,problem,informational,trade specialization,medium,Guide can support discovery but not replace career counselling.,Choose between formal training occupations,synthetic persona hypothesis,False,hypothesis,,,,
p29,p29-q06,Cologne vocational student finding an electrical apprenticeship,Cologne and practical local commute,kleine Elektrobetriebe Köln Ausbildung,de,Small electrical companies Cologne apprenticeships,discovery,informational,local employer discovery,medium,Smaller employer coverage needs proof.,Find employers beyond large brands,synthetic persona hypothesis,False,hypothesis,,,,
p29,p29-q07,Cologne vocational student finding an electrical apprenticeship,Cologne and practical local commute,KVB Ausbildung Elektroniker 2027,de,KVB electronics apprenticeship 2027,discovery,navigational,training employer careers,high,Company monitoring fits if covered.,Check a familiar local employer,synthetic persona hypothesis,False,hypothesis,,,,
p29,p29-q08,Cologne vocational student finding an electrical apprenticeship,Cologne and practical local commute,Arbeitsagentur Ausbildung Elektroniker Köln Umkreis,de,Employment agency electrical apprenticeships Cologne radius,evaluation,navigational,apprenticeship alternatives,medium,BA already exposes training-specific facts.,Compare a dedicated public search,synthetic persona hypothesis,False,hypothesis,,,,
p29,p29-q09,Cologne vocational student finding an electrical apprenticeship,Cologne and practical local commute,Ausbildungsplatz Suche nur 2027 nicht Fachkraft,de,Search training places only 2027 not qualified workers,evaluation,commercial,apprenticeship filtering,medium,Employment type helps; intake-year filter is unverified.,Avoid qualified job noise,synthetic persona hypothesis,False,hypothesis,,,,
p29,p29-q10,Cologne vocational student finding an electrical apprenticeship,Cologne and practical local commute,Benachrichtigung neue Ausbildungsplätze Köln,de,Notifications of new Cologne training places,evaluation,commercial,training alerts,high,Covered opening alerts fit.,Stop manually checking employers,synthetic persona hypothesis,False,hypothesis,,,,
p29,p29-q11,Cologne vocational student finding an electrical apprenticeship,Cologne and practical local commute,kostenlose Ausbildung Stellenalarme Elektroniker,de,Free electrical apprenticeship job alerts,action,transactional,free apprentice alerts,high,Free alerts fit first-time search.,Set up simple monitoring,synthetic persona hypothesis,False,hypothesis,,,,
p29,p29-q12,Cologne vocational student finding an electrical apprenticeship,Cologne and practical local commute,Bewerbungen Ausbildung Übersicht speichern,de,Save an overview of apprenticeship applications,action,transactional,training application tracking,medium,Indexed-posting tracker fits; deadline automation unverified.,Track submissions and contacts,synthetic persona hypothesis,False,hypothesis,,,,
p30,p30-q01,Bologna industrial technician seeking a predictable schedule,"Bologna area, Italy; manageable daily commute",manutentore industriale Bologna tempo indeterminato,it,Industrial maintenance technician Bologna permanent,discovery,transactional,Bologna maintenance,high,Role/location/employment filtering fit.,Find stable local work,synthetic persona hypothesis,True,serp-observed,https://www.adecco.com/it-it/cerca-lavoro/manutentore-di-impianti-industriali-monte-san-pietro-bologna/0163-12625 | https://www.manpower.it/it/annuncio-lavoro/engineering/engineering/manutentore-elettrico/1038832,,,
p30,p30-q02,Bologna industrial technician seeking a predictable schedule,"Bologna area, Italy; manageable daily commute",manutentore elettromeccanico Bologna,it,Electromechanical maintenance technician Bologna,discovery,transactional,electromechanical jobs,high,Occupation/title variants fit.,Use a close occupational title,synthetic persona hypothesis,False,hypothesis,,,,
p30,p30-q03,Bologna industrial technician seeking a predictable schedule,"Bologna area, Italy; manageable daily commute",tecnico manutenzione aziende Bologna provincia,it,Maintenance technician companies Bologna province,discovery,transactional,industrial technician jobs,high,Company and regional discovery fit.,Survey manufacturing opportunities,synthetic persona hypothesis,False,hypothesis,,,,
p30,p30-q04,Bologna industrial technician seeking a predictable schedule,"Bologna area, Italy; manageable daily commute",manutentore Bologna orario giornaliero no turni tempo indeterminato,it,Maintenance Bologna day hours no shifts permanent,problem,transactional,maintenance schedule,medium,Explicit source text needed; generic full-time insufficient.,Avoid another rotating schedule,synthetic persona hypothesis,True,serp-observed,https://www.adecco.com/it-it/cerca-lavoro/manutentore-di-impianti-industriali-monte-san-pietro-bologna/0163-12625 | https://www.randstad.com/jobs/manutentore-elettromeccanico-mfnb_bologna_47485823/,,,
p30,p30-q05,Bologna industrial technician seeking a predictable schedule,"Bologna area, Italy; manageable daily commute",annuncio manutentore giornata con reperibilità,it,Daytime maintenance advert with on-call,problem,informational,day work and on-call,medium,Guide can distinguish wording without employment-law advice.,Understand two separate schedule conditions,synthetic persona hypothesis,False,hypothesis,,,,
p30,p30-q06,Bologna industrial technician seeking a predictable schedule,"Bologna area, Italy; manageable daily commute",aziende manifatturiere Bologna lavora con noi manutenzione,it,Bologna manufacturers careers maintenance,discovery,informational,manufacturer discovery,high,Company-first approach useful if covered.,Find named employers directly,synthetic persona hypothesis,False,hypothesis,,,,
p30,p30-q07,Bologna industrial technician seeking a predictable schedule,"Bologna area, Italy; manageable daily commute",manutentore Anzola Casalecchio tempo indeterminato,it,Permanent maintenance jobs Anzola Casalecchio,discovery,transactional,local maintenance jobs,high,Location filtering helps; real commute still user-assessed.,Narrow to practical municipalities,synthetic persona hypothesis,False,hypothesis,,,,
p30,p30-q08,Bologna industrial technician seeking a predictable schedule,"Bologna area, Italy; manageable daily commute",offerte manutentore assunzione diretta non somministrazione,it,Maintenance vacancies direct employment not agency assignment,evaluation,commercial,employment arrangement,medium,Contract type alone may not encode agency relationship.,Clarify who employs the candidate,synthetic persona hypothesis,False,hypothesis,,,,
p30,p30-q09,Bologna industrial technician seeking a predictable schedule,"Bologna area, Italy; manageable daily commute",alert lavoro manutentore solo aziende scelte,it,Maintenance job alerts selected companies only,evaluation,commercial,manufacturer alerts,high,Selected-company alerts align.,Monitor known manufacturers,synthetic persona hypothesis,False,hypothesis,,,,
p30,p30-q10,Bologna industrial technician seeking a predictable schedule,"Bologna area, Italy; manageable daily commute",filtro offerte lavoro turni orario giornaliero,it,Job filter shifts daytime hours,evaluation,commercial,schedule filtering,medium,Description criteria can assist; hours filter unverified.,Reduce manual reading,synthetic persona hypothesis,False,hypothesis,,,,
p30,p30-q11,Bologna industrial technician seeking a predictable schedule,"Bologna area, Italy; manageable daily commute",avvisi gratuiti manutentore Bologna,it,Free maintenance job alerts Bologna,action,transactional,free maintenance alerts,high,Free alerts fit.,Test relevance with low commitment,synthetic persona hypothesis,False,hypothesis,,,,
p30,p30-q12,Bologna industrial technician seeking a predictable schedule,"Bologna area, Italy; manageable daily commute",salvare candidature note colloquio turni sede,it,Save applications interview notes shifts location,action,transactional,application notes,medium,Indexed posting notes fit; no timetable guarantee.,Record exact schedules discussed,synthetic persona hypothesis,False,hypothesis,,,,
p31,p31-q01,Toulouse communications specialist seeking a fixed-term public-interest role,"Toulouse and nearby area, France",chargé communication CDD Toulouse association secteur public,fr,Communications CDD Toulouse nonprofit public sector,discovery,transactional,Toulouse CDD communications,medium,Role/type/location fit; sector coverage needs proof.,Find fixed-term public-interest roles,synthetic persona hypothesis,True,serp-observed,https://choisirleservicepublic.gouv.fr/offre-emploi/dircom-charge-de-communication-digitale-reference-2026-2403091/ | https://emploi.toulouse-metropole.fr/candidat/offres/offre-d-emploi-charge-de-communication-h-f-balma-occitanie-sports-cdd-555455,,,
p31,p31-q02,Toulouse communications specialist seeking a fixed-term public-interest role,"Toulouse and nearby area, France",emploi communication Toulouse CDD,fr,Communications jobs Toulouse fixed-term,discovery,transactional,communications jobs,high,Basic role/location/type filters fit.,Start broad local search,synthetic persona hypothesis,False,hypothesis,,,,
p31,p31-q03,Toulouse communications specialist seeking a fixed-term public-interest role,"Toulouse and nearby area, France",recrutement communication association Toulouse,fr,Association communications recruitment Toulouse,discovery,transactional,nonprofit communications,medium,Small association coverage is uncertain.,Find nonprofit opportunities,synthetic persona hypothesis,False,hypothesis,,,,
p31,p31-q04,Toulouse communications specialist seeking a fixed-term public-interest role,"Toulouse and nearby area, France",offre emploi communication Toulouse contractuel CDD recrutement sans concours,fr,Communications vacancy Toulouse fixed-term contract recruitment without exam,problem,transactional,public contract vacancies,medium,Surface exact recruitment text without legal inference.,Find a concrete contract route,synthetic persona hypothesis,True,serp-observed,https://choisirleservicepublic.gouv.fr/offre-emploi/dircom-charge-de-communication-digitale-reference-2026-2403091/ | https://metropole.toulouse.fr/postuler-mode-demploi,,,
p31,p31-q05,Toulouse communications specialist seeking a fixed-term public-interest role,"Toulouse and nearby area, France",annonce CDD communication date limite passée encore en ligne,fr,CDD communications advert deadline passed still online,problem,informational,public vacancy freshness,medium,Monitoring may help; freshness cannot be guaranteed.,Avoid expired listings,synthetic persona hypothesis,False,hypothesis,,,,
p31,p31-q06,Toulouse communications specialist seeking a fixed-term public-interest role,"Toulouse and nearby area, France",universités Toulouse recrutement communication,fr,Toulouse universities communications recruitment,discovery,navigational,university communications,high,Employer monitoring fits if covered.,Check a local employer group,synthetic persona hypothesis,False,hypothesis,,,,
p31,p31-q07,Toulouse communications specialist seeking a fixed-term public-interest role,"Toulouse and nearby area, France",chargé communication mairie Toulouse contractuel,fr,Toulouse city communications fixed-term contract role,discovery,transactional,municipal communications,medium,Need exact source application route.,Explore local-government vacancies,synthetic persona hypothesis,False,hypothesis,,,,
p31,p31-q08,Toulouse communications specialist seeking a fixed-term public-interest role,"Toulouse and nearby area, France",Choisir le service public alerte communication Toulouse,fr,Public service job alerts communications Toulouse,evaluation,navigational,public-sector alternatives,medium,Official board may have stronger process metadata.,Compare a specialized official source,synthetic persona hypothesis,False,hypothesis,,,,
p31,p31-q09,Toulouse communications specialist seeking a fixed-term public-interest role,"Toulouse and nearby area, France",alerte emploi associations collectivités Toulouse,fr,Job alerts associations local authorities Toulouse,evaluation,commercial,public-interest alerts,high,Covered-company alerts can span them.,Consolidate employer types,synthetic persona hypothesis,False,hypothesis,,,,
p31,p31-q10,Toulouse communications specialist seeking a fixed-term public-interest role,"Toulouse and nearby area, France",filtrer CDD communication pas alternance stage,fr,Filter communications fixed-term not apprenticeship internship,evaluation,commercial,contract-purpose filtering,high,Employment-type filtering helps but classification accuracy matters.,Remove contracts with different purpose,synthetic persona hypothesis,False,hypothesis,,,,
p31,p31-q11,Toulouse communications specialist seeking a fixed-term public-interest role,"Toulouse and nearby area, France",avertissement nouvelles offres CDD communication gratuit,fr,Free new communications fixed-term vacancy alerts,action,transactional,free communications alerts,high,Free alerts fit; not deadline reminders.,Monitor new openings,synthetic persona hypothesis,False,hypothesis,,,,
p31,p31-q12,Toulouse communications specialist seeking a fixed-term public-interest role,"Toulouse and nearby area, France",suivre candidatures CDD pièces demandées,fr,Track fixed-term applications required documents,action,transactional,CDD application tracking,medium,Indexed-job notes fit; no automated document checking assumed.,Record submission requirements,synthetic persona hypothesis,False,hypothesis,,,,
p32,p32-q01,Zurich school leaver finding a 2027 commercial apprenticeship,"Zurich city/canton, Switzerland",KV Lehrstelle Zürich 2027,de,Commercial apprenticeship Zurich 2027,discovery,transactional,Zurich KV apprenticeships,medium,Fit depends on verified training inventory.,Find the correct intake,synthetic persona hypothesis,True,serp-observed,https://berufswahl.zh.ch/lehrstelle/2027-klever-ag-kaufmann-frau-dienstleistung-und-administration-da-efz-2 | https://svazurich.ch/jobs-und-karriere/im-unternehmen/lehre-und-berufseinstieg/kv-lehre/deine-ausbildung.html,,,
p32,p32-q02,Zurich school leaver finding a 2027 commercial apprenticeship,"Zurich city/canton, Switzerland",kaufmännische Lehre Zürich,de,Commercial apprenticeship Zurich,discovery,transactional,commercial apprenticeships,medium,Role search helps; school-level labels matter.,Explore the occupation broadly,synthetic persona hypothesis,False,hypothesis,,,,
p32,p32-q03,Zurich school leaver finding a 2027 commercial apprenticeship,"Zurich city/canton, Switzerland",Lehrstellen Büro Zürich 2027,de,Office apprenticeships Zurich 2027,discovery,transactional,first apprenticeship search,medium,Requires title/occupation synonym recall.,Use everyday language before knowing KV terms,synthetic persona hypothesis,False,hypothesis,,,,
p32,p32-q04,Zurich school leaver finding a 2027 commercial apprenticeship,"Zurich city/canton, Switzerland",KV Lehrstelle Zürich 2027 Bewerbungsfrist Lehrbeginn,de,KV apprenticeship Zurich 2027 application deadline start,problem,informational,apprenticeship application windows,medium,Source windows help; alerts are not deadline reminders.,Understand when to act,synthetic persona hypothesis,True,serp-observed,https://www.stadt-zuerich.ch/de/politik-und-verwaltung/arbeiten-bei-der-stadt/stadtvielfalt/arbeiten-beim-sd/lehrstellen-kv.html,,,
p32,p32-q05,Zurich school leaver finding a 2027 commercial apprenticeship,"Zurich city/canton, Switzerland",KV Lehre welche Branche passt,de,Which commercial apprenticeship branch fits,problem,informational,KV branch discovery,medium,"Employer guide helps, but career counselling is separate.",Choose between training contexts,synthetic persona hypothesis,False,hypothesis,,,,
p32,p32-q06,Zurich school leaver finding a 2027 commercial apprenticeship,"Zurich city/canton, Switzerland",KV Lehrbetriebe Zürich kleine Firmen,de,KV training employers Zurich small companies,discovery,informational,local training employers,medium,Smaller training-firm coverage needs proof.,Look beyond familiar big brands,synthetic persona hypothesis,False,hypothesis,,,,
p32,p32-q07,Zurich school leaver finding a 2027 commercial apprenticeship,"Zurich city/canton, Switzerland",Stadt Zürich KV Lehrstelle 2027,de,City of Zurich KV apprenticeship 2027,discovery,navigational,public training employer,high,Company monitoring fits if covered.,Inspect a known public employer,synthetic persona hypothesis,False,hypothesis,,,,
p32,p32-q08,Zurich school leaver finding a 2027 commercial apprenticeship,"Zurich city/canton, Switzerland",berufswahl Zürich KV Lehrstellensuche,de,Zurich career-choice KV apprenticeship search,evaluation,navigational,apprenticeship portal alternatives,medium,Specialist source already provides training metadata.,Compare the cantonal source,synthetic persona hypothesis,False,hypothesis,,,,
p32,p32-q09,Zurich school leaver finding a 2027 commercial apprenticeship,"Zurich city/canton, Switzerland",KV Lehrstelle EFZ mit Berufsmaturität Zürich,de,KV EFZ apprenticeship with vocational baccalaureate Zurich,evaluation,transactional,training qualification options,medium,Need explicit employer requirements/options.,Compare training options,synthetic persona hypothesis,False,hypothesis,,,,
p32,p32-q10,Zurich school leaver finding a 2027 commercial apprenticeship,"Zurich city/canton, Switzerland",neue KV Lehrstellen per E-Mail Zürich,de,New Zurich KV apprenticeships by email,evaluation,commercial,apprenticeship alerts,high,Covered new-posting alerts fit.,Reduce repeated employer checking,synthetic persona hypothesis,False,hypothesis,,,,
p32,p32-q11,Zurich school leaver finding a 2027 commercial apprenticeship,"Zurich city/canton, Switzerland",kostenlos Lehrstellenalarm KV 2027,de,Free apprenticeship alert KV 2027,action,transactional,free training alerts,high,Free saved searches fit; reopening behavior needs verification.,Set up simple monitoring,synthetic persona hypothesis,False,hypothesis,,,,
p32,p32-q12,Zurich school leaver finding a 2027 commercial apprenticeship,"Zurich city/canton, Switzerland",Übersicht Bewerbungen Lehrstellen speichern,de,Save overview of apprenticeship applications,action,transactional,training application tracking,medium,Indexed-job tracker fits; shared family access unverified.,Keep application status organized,synthetic persona hypothesis,False,hypothesis,,,,
p33,p33-q01,Laid-off Midwest People Operations manager rebuilding a focused pipeline,US Midwest; remote US preferred,senior people operations manager remote US jobs,en,senior people operations manager remote US jobs,discovery,transactional,remote People Operations,high,"Role, seniority and work-mode filters fit.",Find suitable senior openings,synthetic persona hypothesis,True,serp-observed,https://job-boards.greenhouse.io/mixpanel/jobs/8140707 | https://jobs.workable.com/view/tqt4hBvFXRXDqx1VUgFU4k/remote-senior-people-operations-manager-in-united-states-at-murmuration | https://hubcareers-docusign.icims.com/jobs/29422/sr.-manager%2C-people-operations/job?mobile=true&needsRedirect=false,,,
p33,p33-q02,Laid-off Midwest People Operations manager rebuilding a focused pipeline,US Midwest; remote US preferred,HR manager jobs remote United States,en,HR manager jobs remote United States,discovery,transactional,remote HR management,high,Title variants broaden appropriate discovery.,Use a broader HR title,synthetic persona hypothesis,False,hypothesis,,,,
p33,p33-q03,Laid-off Midwest People Operations manager rebuilding a focused pipeline,US Midwest; remote US preferred,human resources operations manager Midwest,en,human resources operations manager Midwest,discovery,transactional,Midwest HR,high,Geography and role search fit.,Explore regional alternatives,synthetic persona hypothesis,False,hypothesis,,,,
p33,p33-q04,Laid-off Midwest People Operations manager rebuilding a focused pipeline,US Midwest; remote US preferred,in house HR manager remote jobs exclude staffing recruiting agencies,en,in house HR manager remote jobs exclude staffing recruiting agencies,problem,commercial,in-house HR distinction,medium,Scope and source identity need separate checks.,Reduce agency-recruiting noise,synthetic persona hypothesis,True,serp-observed,https://hubcareers-docusign.icims.com/jobs/29422/sr.-manager%2C-people-operations/job?mobile=true&needsRedirect=false | https://www.linkedin.com/jobs/view/senior-people-operations-manager-at-ladders-4457765136,,,
p33,p33-q05,Laid-off Midwest People Operations manager rebuilding a focused pipeline,US Midwest; remote US preferred,people operations jobs not talent acquisition,en,people operations jobs not talent acquisition,problem,transactional,HR role boundaries,medium,Description criteria can help distinguish responsibilities.,Avoid a recruiter-only remit,synthetic persona hypothesis,False,hypothesis,,,,
p33,p33-q06,Laid-off Midwest People Operations manager rebuilding a focused pipeline,US Midwest; remote US preferred,companies hiring remote people operations teams,en,companies hiring remote people operations teams,discovery,informational,HR employer discovery,high,Company discovery and monitoring align.,Expand the employer list after layoff,synthetic persona hypothesis,False,hypothesis,,,,
p33,p33-q07,Laid-off Midwest People Operations manager rebuilding a focused pipeline,US Midwest; remote US preferred,senior HR business partner remote US,en,senior HR business partner remote US,discovery,transactional,HR title variants,medium,Responsibilities may differ from operations expertise.,Test an adjacent senior title,synthetic persona hypothesis,False,hypothesis,,,,
p33,p33-q08,Laid-off Midwest People Operations manager rebuilding a focused pipeline,US Midwest; remote US preferred,remote HR jobs allowed states Illinois Ohio Michigan,en,remote HR jobs allowed states Illinois Ohio Michigan,evaluation,transactional,remote state restrictions,medium,Source scope matters; no eligibility guarantee.,Confirm home-state compatibility,synthetic persona hypothesis,False,hypothesis,,,,
p33,p33-q09,Laid-off Midwest People Operations manager rebuilding a focused pipeline,US Midwest; remote US preferred,job alerts only direct employer HR careers,en,job alerts only direct employer HR careers,evaluation,commercial,direct employer alerts,high,Company career monitoring directly fits.,Prefer original employer postings,synthetic persona hypothesis,False,hypothesis,,,,
p33,p33-q10,Laid-off Midwest People Operations manager rebuilding a focused pipeline,US Midwest; remote US preferred,job tracker import applications from every website,en,job tracker import applications from every website,evaluation,commercial,external application import,low,Arbitrary external/manual import is not demonstrated.,Avoid maintaining two tracking systems,synthetic persona hypothesis,False,hypothesis,,,,
p33,p33-q11,Laid-off Midwest People Operations manager rebuilding a focused pipeline,US Midwest; remote US preferred,free people operations job alerts selected companies,en,free people operations job alerts selected companies,action,transactional,free HR alerts,high,Free selected-company alerts fit.,Set focused alerts while actively applying,synthetic persona hypothesis,False,hypothesis,,,,
p33,p33-q12,Laid-off Midwest People Operations manager rebuilding a focused pipeline,US Midwest; remote US preferred,save HR job applications interview notes statuses,en,save HR job applications interview notes statuses,action,transactional,HR application tracking,high,"Indexed-job saving, statuses and interview notes fit.",Organize multiple active processes,synthetic persona hypothesis,False,hypothesis,,,,
p34,p34-q01,Selective UK SaaS account executive,United Kingdom,account executive jobs UK,en,account executive jobs UK,problem,commercial,uk-account-executive,high,Role and location fit.,Survey openings.,synthetic persona hypothesis,False,hypothesis,,,,
p34,p34-q02,Selective UK SaaS account executive,United Kingdom,SaaS sales jobs,en,SaaS sales jobs,problem,commercial,saas-sales,medium,Company context matters beyond title.,Find product-sales roles.,synthetic persona hypothesis,False,hypothesis,,,,
p34,p34-q03,Selective UK SaaS account executive,United Kingdom,sales jobs basic salary plus commission,en,sales jobs basic salary plus commission,problem,commercial,base-plus-commission,medium,Requires component-aware source reading.,Find fixed-pay work.,synthetic persona hypothesis,False,hypothesis,,,,
p34,p34-q04,Selective UK SaaS account executive,United Kingdom,account executive SaaS jobs UK base salary commission,en,account executive SaaS jobs UK base salary commission,discovery,commercial,saas-base-salary,medium,Text checks help; salary field semantics need proof.,Combine sector and pay needs.,synthetic persona hypothesis,True,serp-observed,https://jobs.ashbyhq.com/dualentry/aeb4a7cf-e9a1-40ef-a653-97c70cd53931/ | https://uk.indeed.com/q-account-executive-saas-b2b-l-london-jobs.html,,,
p34,p34-q05,Selective UK SaaS account executive,United Kingdom,account executive UK jobs guaranteed basic salary not commission only,en,account executive UK jobs guaranteed basic salary not commission only,discovery,commercial,commission-only-exclusion,medium,Explicit wording can be assessed but no contract guarantee.,Exclude variable-only pay.,synthetic persona hypothesis,True,serp-observed,https://pie-recruitment.com/job-details/account-executive-ai-saas-819476,,,
p34,p34-q06,Selective UK SaaS account executive,United Kingdom,HubSpot account executive UK careers,en,HubSpot account executive UK careers,discovery,navigational,named-saas-careers,high,Monitoring fits if covered.,Check a plausible preferred employer.,synthetic persona hypothesis,False,hypothesis,,,,
p34,p34-q07,Selective UK SaaS account executive,United Kingdom,account executive advertised salary OTE or base,en,account executive advertised salary OTE or base,evaluation,informational,sales-pay-terms,medium,Guide can explain source distinctions.,Interpret pay labels.,synthetic persona hypothesis,False,hypothesis,,,,
p34,p34-q08,Selective UK SaaS account executive,United Kingdom,B2B SaaS sales jobs no door to door,en,B2B SaaS sales jobs no door to door,evaluation,commercial,sales-duties,medium,Description criteria can help.,Exclude unwanted selling method.,synthetic persona hypothesis,False,hypothesis,,,,
p34,p34-q09,Selective UK SaaS account executive,United Kingdom,mid market account executive permanent UK,en,mid market account executive permanent UK,evaluation,commercial,midmarket-ae,high,"Employment type, role and location fit.",Match employment and scope.,synthetic persona hypothesis,False,hypothesis,,,,
p34,p34-q10,Selective UK SaaS account executive,United Kingdom,RepVue SaaS companies UK account executive,en,RepVue SaaS companies UK account executive,evaluation,navigational,sales-employer-research,low,Employer reviews are not demonstrated.,Investigate employers through an alternative.,synthetic persona hypothesis,False,hypothesis,,,,
p34,p34-q11,Selective UK SaaS account executive,United Kingdom,job alerts account executive specific companies,en,job alerts account executive specific companies,action,commercial,sales-company-alerts,high,Free company-filtered alerts fit.,Follow selected SaaS businesses.,synthetic persona hypothesis,False,hypothesis,,,,
p34,p34-q12,Selective UK SaaS account executive,United Kingdom,questions recruiter base salary commission ramp,en,questions recruiter base salary commission ramp,action,informational,sales-interview-questions,low,Employer answers are needed; search cannot confirm terms.,Clarify offer structure.,synthetic persona hypothesis,False,hypothesis,,,,
p35,p35-q01,US support specialist seeking written-channel remote work,United States; state unspecified,remote customer support jobs,en,remote customer support jobs,problem,commercial,remote-support,high,Work mode and role filters fit.,Explore remote openings.,synthetic persona hypothesis,False,hypothesis,,,,
p35,p35-q02,US support specialist seeking written-channel remote work,United States; state unspecified,email support jobs USA,en,email support jobs USA,problem,commercial,email-support,medium,Description channel evidence is needed.,Find written-channel work.,synthetic persona hypothesis,False,hypothesis,,,,
p35,p35-q03,US support specialist seeking written-channel remote work,United States; state unspecified,chat support jobs work from home,en,chat support jobs work from home,problem,commercial,chat-support,medium,Remote title alone does not exclude phones.,Find a suitable channel.,synthetic persona hypothesis,False,hypothesis,,,,
p35,p35-q04,US support specialist seeking written-channel remote work,United States; state unspecified,remote customer support email chat jobs US no phone,en,remote customer support email chat jobs US no phone,discovery,commercial,nonphone-support,medium,Pro criteria checks could help if explicit.,Exclude phone-based duties.,synthetic persona hypothesis,True,serp-observed,https://www.indeed.com/q-Email-Chat-Customer-Service-No-Phones-Remote-jobs.html | https://remotejobrecruiting.com/job/email-and-chat-support-jobs-remote-no-phone-flexible-hours-25-35-hr/,,,
p35,p35-q05,US support specialist seeking written-channel remote work,United States; state unspecified,customer support specialist email chat remote United States shifts careers,en,customer support specialist email chat remote United States shifts careers,discovery,commercial,support-shifts,medium,Source detail and coverage are decisive.,Find source postings and shifts.,synthetic persona hypothesis,True,serp-observed,https://www.clearlinecx.com/careers,,,
p35,p35-q06,US support specialist seeking written-channel remote work,United States; state unspecified,customer service remote jobs no sales,en,customer service remote jobs no sales,discovery,commercial,support-not-sales,medium,Needs duty-level interpretation.,Separate support from selling.,synthetic persona hypothesis,False,hypothesis,,,,
p35,p35-q07,US support specialist seeking written-channel remote work,United States; state unspecified,remote support jobs hiring in my state,en,remote support jobs hiring in my state,evaluation,commercial,us-state-remote,medium,State evidence must match a supplied location.,Check location restrictions.,synthetic persona hypothesis,False,hypothesis,,,,
p35,p35-q08,US support specialist seeking written-channel remote work,United States; state unspecified,chat support jobs fixed schedule weekends,en,chat support jobs fixed schedule weekends,evaluation,commercial,support-schedule,medium,Text checks cannot infer omitted shifts.,Find a predictable rota.,synthetic persona hypothesis,False,hypothesis,,,,
p35,p35-q09,US support specialist seeking written-channel remote work,United States; state unspecified,customer support careers direct company website,en,customer support careers direct company website,evaluation,commercial,direct-support-careers,high,Company-first source access fits if coverage exists.,Find an identifiable employer.,synthetic persona hypothesis,False,hypothesis,,,,
p35,p35-q10,US support specialist seeking written-channel remote work,United States; state unspecified,FlexJobs email chat support free alternatives,en,FlexJobs email chat support free alternatives,evaluation,commercial,support-board-alternatives,medium,Free search is relevant; comparisons need evidence.,Avoid subscription costs.,synthetic persona hypothesis,False,hypothesis,,,,
p35,p35-q11,US support specialist seeking written-channel remote work,United States; state unspecified,free email alerts remote chat support jobs,en,free email alerts remote chat support jobs,action,commercial,free-support-alerts,high,Free saved-search alerts align.,Follow suitable openings.,synthetic persona hypothesis,False,hypothesis,,,,
p35,p35-q12,US support specialist seeking written-channel remote work,United States; state unspecified,is this customer support job from the real company,en,is this customer support job from the real company,action,informational,job-identity-check,low,Monitoring and description checks cannot certify authenticity.,Establish trust before applying.,synthetic persona hypothesis,False,hypothesis,,,,
p36,p36-q01,Turin primary teacher exploring employed education roles,Turin and feasible local commute,lavoro insegnante Torino,it,Teacher jobs Turin,problem,commercial,teaching-turin,medium,Local education coverage must be proven.,Survey nearby work.,synthetic persona hypothesis,False,hypothesis,,,,
p36,p36-q02,Turin primary teacher exploring employed education roles,Turin and feasible local commute,offerte lavoro editoria Torino,it,Publishing vacancies Turin,problem,commercial,publishing-turin,medium,Discovery fits if employers are covered.,Explore a new sector.,synthetic persona hypothesis,False,hypothesis,,,,
p36,p36-q03,Turin primary teacher exploring employed education roles,Turin and feasible local commute,cambiare lavoro dopo insegnamento,it,Change work after teaching,problem,informational,teacher-transition,low,Broad career counselling is outside core product.,Find possible directions.,synthetic persona hypothesis,False,hypothesis,,,,
p36,p36-q04,Turin primary teacher exploring employed education roles,Turin and feasible local commute,lavoro insegnante scuola primaria privata Torino,it,Primary teacher private school jobs Turin,discovery,commercial,private-school-jobs,medium,Job titles may include wrong age groups.,Check classroom alternatives.,synthetic persona hypothesis,True,serp-observed,https://gionoturin.it/lavora-con-noi/ | https://it.indeed.com/viewjob?jk=eaf97eb20168a20e,,,
p36,p36-q05,Turin primary teacher exploring employed education roles,Turin and feasible local commute,lavoro editoria scolastica coordinatore didattico Torino dipendente,it,Employed educational publishing learning coordinator work Turin,discovery,commercial,education-adjacent-roles,medium,Role vocabulary and contract evidence matter.,Explore employed adjacent roles.,synthetic persona hypothesis,True,serp-observed,https://www.comune.torino.it/concorsi/2023/SP0223_bando.pdf,,,
p36,p36-q06,Turin primary teacher exploring employed education roles,Turin and feasible local commute,redattore contenuti didattici Torino lavoro,it,Educational content editor work Turin,discovery,commercial,educational-content,medium,Description fit more useful than teacher title alone.,Search a concrete publishing title.,synthetic persona hypothesis,False,hypothesis,,,,
p36,p36-q07,Turin primary teacher exploring employed education roles,Turin and feasible local commute,coordinatore formazione Torino assunzione,it,Training coordinator Turin employment,discovery,commercial,learning-coordination,medium,Needs evidence of employed rather than freelance work.,Consider coordination duties.,synthetic persona hypothesis,False,hypothesis,,,,
p36,p36-q08,Turin primary teacher exploring employed education roles,Turin and feasible local commute,editoria scolastica lavoro ibrido Torino,it,Educational publishing hybrid work Turin,evaluation,commercial,hybrid-education,medium,Work-mode filters help where populated.,Check location flexibility.,synthetic persona hypothesis,False,hypothesis,,,,
p36,p36-q09,Turin primary teacher exploring employed education roles,Turin and feasible local commute,case editrici scolastiche Torino lavora con noi,it,Educational publishers Turin careers,evaluation,informational,education-employers,high,Company discovery is useful after role exploration.,Identify employers.,synthetic persona hypothesis,False,hypothesis,,,,
p36,p36-q10,Turin primary teacher exploring employed education roles,Turin and feasible local commute,offerte formazione non partita IVA Torino,it,Training jobs not self-employed Turin,evaluation,commercial,education-employment-type,medium,Employment type and text checks may help.,Exclude freelance contracts.,synthetic persona hypothesis,False,hypothesis,,,,
p36,p36-q11,Turin primary teacher exploring employed education roles,Turin and feasible local commute,avvisi lavoro contenuti didattici Torino,it,Educational content job alerts Turin,action,commercial,education-alerts,medium,Useful only if local coverage is adequate.,Follow relevant openings.,synthetic persona hypothesis,False,hypothesis,,,,
p36,p36-q12,Turin primary teacher exploring employed education roles,Turin and feasible local commute,mansioni redattore scolastico esperienza insegnante,it,Educational editor duties teaching experience,action,informational,teacher-role-fit,low,No credential or career-transition assessment is demonstrated.,Assess transferable experience.,synthetic persona hypothesis,False,hypothesis,,,,
p37,p37-q01,Senior SAP consultant moving toward manufacturing in-house,Germany,SAP Inhouse Jobs Deutschland,de,SAP in-house jobs Germany,problem,commercial,sap-inhouse,high,Role/company discovery fits.,Find internal roles.,synthetic persona hypothesis,False,hypothesis,,,,
p37,p37-q02,Senior SAP consultant moving toward manufacturing in-house,Germany,Senior SAP Consultant jobs Germany,en,Senior SAP consultant jobs Germany,problem,commercial,senior-sap,medium,Broad search includes unwanted consultancy work.,Survey senior openings.,synthetic persona hypothesis,False,hypothesis,,,,
p37,p37-q03,Senior SAP consultant moving toward manufacturing in-house,Germany,SAP Stellenangebote Industrie,de,SAP vacancies industry,problem,commercial,industrial-sap,high,Employer-first search is relevant.,Explore manufacturers.,synthetic persona hypothesis,False,hypothesis,,,,
p37,p37-q04,Senior SAP consultant moving toward manufacturing in-house,Germany,SAP Inhouse Consultant Deutschland Hersteller Stellenangebote,de,SAP in-house consultant Germany manufacturer vacancies,discovery,commercial,manufacturer-sap,high,Company and technical filters align.,Find product employers.,synthetic persona hypothesis,True,serp-observed,https://jobs.peri.com/job/Weissenhorn-SAP-S4HANA-Inhouse-Consultant-(PP)-(mfd)-89264/823978302/ | https://www.stepstone.de/jobs/sap-inhouse-consultant/in-deutschland,,,
p37,p37-q05,Senior SAP consultant moving toward manufacturing in-house,Germany,Senior SAP inhouse consultant geringe Reisebereitschaft Hersteller Germany,de,Senior SAP in-house consultant low travel manufacturer Germany,discovery,commercial,sap-low-travel,medium,Needs explicit description evidence.,Test travel-limited openings.,synthetic persona hypothesis,True,serp-observed,https://www.kununu.com/de/job/22dafba4-a70d-4eb5-b105-1f4437622381,,,
p37,p37-q06,Senior SAP consultant moving toward manufacturing in-house,Germany,ZEISS SAP Inhouse Karriere,de,ZEISS SAP in-house careers,discovery,navigational,named-manufacturer,high,Coverage-dependent company alerts fit.,Check a plausible target.,synthetic persona hypothesis,False,hypothesis,,,,
p37,p37-q07,Senior SAP consultant moving toward manufacturing in-house,Germany,SAP S4HANA PP inhouse manufacturing jobs,en,SAP S4HANA PP in-house manufacturing jobs,evaluation,commercial,sap-module-match,high,Illustrative module search; actual speciality unspecified.,Explore module-specific duties.,synthetic persona hypothesis,False,hypothesis,,,,
p37,p37-q08,Senior SAP consultant moving toward manufacturing in-house,Germany,Inhouse SAP Berater internationale Rollouts Reisetätigkeit,de,In-house SAP consultant international rollouts travel,evaluation,informational,sap-rollout-travel,medium,Text checks can identify conditions.,Check hidden travel exposure.,synthetic persona hypothesis,False,hypothesis,,,,
p37,p37-q09,Senior SAP consultant moving toward manufacturing in-house,Germany,SAP Inhouse drei Tage Büro Homeoffice,de,SAP in-house three office days home office,evaluation,commercial,sap-office-pattern,medium,Work mode alone does not express office frequency.,Assess weekly routine.,synthetic persona hypothesis,False,hypothesis,,,,
p37,p37-q10,Senior SAP consultant moving toward manufacturing in-house,Germany,SAP Consultant inhouse vs consulting travel,en,SAP consultant in-house versus consulting travel,evaluation,informational,sap-role-comparison,medium,Guide should avoid universal travel assumptions.,Compare role structures.,synthetic persona hypothesis,False,hypothesis,,,,
p37,p37-q11,Senior SAP consultant moving toward manufacturing in-house,Germany,Job Alarm SAP bestimmte Unternehmen,de,SAP job alert selected companies,action,commercial,sap-company-alerts,high,Free saved searches directly fit.,Follow a shortlist.,synthetic persona hypothesis,False,hypothesis,,,,
p37,p37-q12,Senior SAP consultant moving toward manufacturing in-house,Germany,SAP Stellen Reiseanteil nicht angegeben,de,SAP vacancies travel percentage not stated,action,informational,sap-unknown-travel,low,Only employer confirmation can fill omissions.,Resolve unknown travel.,synthetic persona hypothesis,False,hypothesis,,,,
p38,p38-q01,Paris-area social worker seeking stable daytime work,Near Paris; local commute matters,emploi travailleur social Paris,fr,Social worker jobs Paris,problem,commercial,paris-social-work,medium,Coverage outside tech must be proven.,Find local roles.,synthetic persona hypothesis,False,hypothesis,,,,
p38,p38-q02,Paris-area social worker seeking stable daytime work,Near Paris; local commute matters,assistant social CDI Île de France,fr,Permanent social worker jobs Île-de-France,problem,commercial,social-work-cdi,high,Employment type and locality filters fit.,Seek stability.,synthetic persona hypothesis,False,hypothesis,,,,
p38,p38-q03,Paris-area social worker seeking stable daytime work,Near Paris; local commute matters,offres emploi association Paris,fr,Nonprofit jobs Paris,problem,commercial,nonprofit-paris,medium,Broad search includes unrelated roles.,Explore employers.,synthetic persona hypothesis,False,hypothesis,,,,
p38,p38-q04,Paris-area social worker seeking stable daytime work,Near Paris; local commute matters,travailleur social CDI journée Paris association hôpital,fr,Social worker permanent daytime Paris nonprofit hospital,discovery,commercial,daytime-social-work,medium,Hours and setting need description evidence.,Combine constraints.,synthetic persona hypothesis,True,serp-observed,https://www.avh.asso.fr/implantations/cfrp-valentin-hauy/offres/assistant-de-service-social-hf | https://recrutement.samusocial.paris/tshaltefemmes-230321/ASH,,,
p38,p38-q05,Paris-area social worker seeking stable daytime work,Near Paris; local commute matters,assistant service social CDI Paris horaires journée diplôme public accompagné,fr,Social service assistant permanent Paris daytime qualification population served,discovery,commercial,social-work-fit,medium,Cannot infer qualification equivalence.,Inspect role-specific requirements.,synthetic persona hypothesis,True,serp-observed,https://www.avh.asso.fr/implantations/cfrp-valentin-hauy/offres/assistant-de-service-social-hf | https://travaillerpourparis.offres.paris.fr/13969/4/assistant-ou-assistante-socio-educative-d-accompagnement-f-h?src=Indeed,,,
p38,p38-q06,Paris-area social worker seeking stable daytime work,Near Paris; local commute matters,assistant social hôpital Paris recrutement,fr,Hospital social worker Paris recruitment,discovery,commercial,hospital-social-work,medium,Employer coverage matters.,Check hospital work.,synthetic persona hypothesis,False,hypothesis,,,,
p38,p38-q07,Paris-area social worker seeking stable daytime work,Near Paris; local commute matters,emploi travailleur social adultes handicap Paris,fr,Social work jobs adults disability Paris,evaluation,commercial,social-work-population,medium,Illustrative population; actual preference unspecified.,Explore population-specific roles.,synthetic persona hypothesis,False,hypothesis,,,,
p38,p38-q08,Paris-area social worker seeking stable daytime work,Near Paris; local commute matters,assistant social horaires lundi vendredi sans nuit,fr,Social worker Monday-Friday no night hours,evaluation,commercial,social-work-hours,medium,Explicit shift language is needed.,Avoid unsuitable schedules.,synthetic persona hypothesis,False,hypothesis,,,,
p38,p38-q09,Paris-area social worker seeking stable daytime work,Near Paris; local commute matters,CDD possibilité CDI travailleur social,fr,Fixed-term possible permanent social worker,evaluation,informational,contract-wording,medium,Text reading can surface conditional language.,Distinguish current and future contract.,synthetic persona hypothesis,False,hypothesis,,,,
p38,p38-q10,Paris-area social worker seeking stable daytime work,Near Paris; local commute matters,emploi social Paris lieu de travail transports,fr,Social jobs Paris workplace public transport,evaluation,commercial,social-work-commute,medium,Location supports discovery; route calculation not demonstrated.,Assess commute.,synthetic persona hypothesis,False,hypothesis,,,,
p38,p38-q11,Paris-area social worker seeking stable daytime work,Near Paris; local commute matters,alerte emploi assistant social CDI Paris,fr,Permanent social worker job alerts Paris,action,commercial,social-work-alerts,medium,Useful with adequate employer coverage.,Catch suitable openings.,synthetic persona hypothesis,False,hypothesis,,,,
p38,p38-q12,Paris-area social worker seeking stable daytime work,Near Paris; local commute matters,poste social diplôme requis expérience public accompagné,fr,Social job qualification required population experience,action,informational,qualification-source-check,low,"Product can show requirements, not certify qualification fit.",Check personal fit before applying.,synthetic persona hypothesis,False,hypothesis,,,,
p39,p39-q01,Lausanne hotel receptionist planning the next season,Lausanne; willing to relocate within Switzerland if accommodation works,emploi réceptionniste Suisse,fr,Receptionist jobs Switzerland,problem,commercial,swiss-reception,high,Role/location filters fit.,Survey vacancies.,synthetic persona hypothesis,False,hypothesis,,,,
p39,p39-q02,Lausanne hotel receptionist planning the next season,Lausanne; willing to relocate within Switzerland if accommodation works,réceptionniste hôtel Lausanne CDI,fr,Hotel receptionist Lausanne permanent,problem,commercial,lausanne-hospitality,high,Local role and employment filters fit.,Explore staying locally.,synthetic persona hypothesis,False,hypothesis,,,,
p39,p39-q03,Lausanne hotel receptionist planning the next season,Lausanne; willing to relocate within Switzerland if accommodation works,travail saison hiver hôtel Suisse,fr,Winter seasonal hotel work Switzerland,problem,commercial,swiss-seasonal,medium,Dates and contract details need text evidence.,Explore resort work.,synthetic persona hypothesis,False,hypothesis,,,,
p39,p39-q04,Lausanne hotel receptionist planning the next season,Lausanne; willing to relocate within Switzerland if accommodation works,réceptionniste hôtel Suisse français anglais logement saison hiver,fr,Swiss hotel receptionist French English accommodation winter,discovery,commercial,housed-reception,medium,Coverage and source details are decisive.,Combine practical needs.,synthetic persona hypothesis,True,serp-observed,https://www.lhotellerie-restauration.fr/emploi/345b6f79/the-glacier-hotel-4-superieur-aux-diable/4c6c7d37 | https://www.hellowork.com/fr-fr/emplois/77397403.html,,,
p39,p39-q05,Lausanne hotel receptionist planning the next season,Lausanne; willing to relocate within Switzerland if accommodation works,réceptionniste hôtel Suisse saison hiver décembre logement français anglais allemand,fr,Swiss hotel winter receptionist December accommodation French English German,discovery,commercial,hospitality-start-language,medium,Description criteria can help without guarantees.,Check start and languages.,synthetic persona hypothesis,True,serp-observed,https://www.lhotellerie-restauration.fr/emploi/345b6f79/the-glacier-hotel-4-superieur-aux-diable/4c6c7d37 | https://jobportalschweiz.ch/fr/jobs/ea0c3f89-4090-4b07-bcc1-3595c9b1094a,,,
p39,p39-q06,Lausanne hotel receptionist planning the next season,Lausanne; willing to relocate within Switzerland if accommodation works,hôtels Vaud Valais recrutement réception,fr,Vaud Valais hotels reception recruitment,discovery,commercial,resort-employers,high,Employer discovery supports later alerts.,Identify employers.,synthetic persona hypothesis,False,hypothesis,,,,
p39,p39-q07,Lausanne hotel receptionist planning the next season,Lausanne; willing to relocate within Switzerland if accommodation works,réceptionniste Suisse allemand souhaité pas obligatoire,fr,Swiss receptionist German desired not mandatory,evaluation,commercial,hospitality-language,medium,Required versus optional must be distinguished.,Avoid a language mismatch.,synthetic persona hypothesis,False,hypothesis,,,,
p39,p39-q08,Lausanne hotel receptionist planning the next season,Lausanne; willing to relocate within Switzerland if accommodation works,emploi hôtel logement fourni ou aide logement,fr,Hotel work accommodation provided or housing assistance,evaluation,informational,staff-accommodation,medium,Guide can compare wording; cannot reserve housing.,Interpret a relocation condition.,synthetic persona hypothesis,False,hypothesis,,,,
p39,p39-q09,Lausanne hotel receptionist planning the next season,Lausanne; willing to relocate within Switzerland if accommodation works,réceptionniste saison hiver date début à convenir,fr,Winter receptionist start date negotiable,evaluation,commercial,hospitality-start-date,medium,Needs explicit start-date flexibility.,Match availability.,synthetic persona hypothesis,False,hypothesis,,,,
p39,p39-q10,Lausanne hotel receptionist planning the next season,Lausanne; willing to relocate within Switzerland if accommodation works,Hotelcareer Suisse réceptionniste français,fr,Hotelcareer Switzerland receptionist French,evaluation,navigational,hospitality-board,low,Competitor navigation is a weak landing target.,Try a specialist alternative.,synthetic persona hypothesis,False,hypothesis,,,,
p39,p39-q11,Lausanne hotel receptionist planning the next season,Lausanne; willing to relocate within Switzerland if accommodation works,alerte emploi réceptionniste hôtels Suisse,fr,Swiss hotel receptionist job alerts,action,commercial,hotel-alerts,high,Free alerts fit if hotels are covered.,Follow matching hotels.,synthetic persona hypothesis,False,hypothesis,,,,
p39,p39-q12,Lausanne hotel receptionist planning the next season,Lausanne; willing to relocate within Switzerland if accommodation works,questions employeur logement personnel coût chambre hôtel,fr,Questions employer staff housing cost hotel room,action,informational,housing-clarification,low,Employer confirmation required.,Resolve housing terms.,synthetic persona hypothesis,False,hypothesis,,,,
p40,p40-q01,International student seeking local work around London classes,London; university and neighbourhood unspecified,part time jobs London,en,part time jobs London,problem,commercial,london-part-time,medium,Basic location/type fit; local inventory unproven.,Find paid local work.,synthetic persona hypothesis,False,hypothesis,,,,
p40,p40-q02,International student seeking local work around London classes,London; university and neighbourhood unspecified,student jobs near me,en,student jobs near me,problem,commercial,local-student-work,low,Exact locality unknown and route matching not demonstrated.,Minimise commute.,synthetic persona hypothesis,False,hypothesis,,,,
p40,p40-q03,International student seeking local work around London classes,London; university and neighbourhood unspecified,weekend jobs London,en,weekend jobs London,problem,commercial,weekend-work,medium,Day-specific availability requires source text.,Fit work around classes.,synthetic persona hypothesis,False,hypothesis,,,,
p40,p40-q04,International student seeking local work around London classes,London; university and neighbourhood unspecified,part time student jobs London evenings weekends,en,part time student jobs London evenings weekends,discovery,commercial,student-evening-weekend,medium,Part-time filtering does not guarantee schedule fit.,Explore compatible shifts.,synthetic persona hypothesis,True,serp-observed,https://uk.indeed.com/q-part-time-student-evening-work-l-london-jobs.html | https://www.roehampton.ac.uk/working-at-roehampton/urjobs/,,,
p40,p40-q05,International student seeking local work around London classes,London; university and neighbourhood unspecified,London university student part time jobs employer careers fixed weekly hours,en,London university student part time jobs employer careers fixed weekly hours,discovery,commercial,campus-hours,low,Campus staffing routes may be more useful.,Find clear employer requirements.,synthetic persona hypothesis,True,serp-observed,https://www.roehampton.ac.uk/working-at-roehampton/urjobs/ | https://info.lse.ac.uk/current-students/careers/information-and-resources/internships-and-work-experience/part-time-work,,,
p40,p40-q06,International student seeking local work around London classes,London; university and neighbourhood unspecified,campus jobs library assistant student London,en,campus jobs library assistant student London,discovery,commercial,campus-jobs,low,Institution coverage and access unknown.,Explore nearby university work.,synthetic persona hypothesis,False,hypothesis,,,,
p40,p40-q07,International student seeking local work around London classes,London; university and neighbourhood unspecified,retail assistant London 8 hours weekend,en,retail assistant London 8 hours weekend,discovery,commercial,retail-hours,medium,Employment type and text can help if covered.,Find a small stated commitment.,synthetic persona hypothesis,False,hypothesis,,,,
p40,p40-q08,International student seeking local work around London classes,London; university and neighbourhood unspecified,part time jobs fixed shifts around university timetable,en,part time jobs fixed shifts around university timetable,evaluation,commercial,timetable-fit,low,No timetable integration is demonstrated.,Avoid clashes with classes.,synthetic persona hypothesis,False,hypothesis,,,,
p40,p40-q09,International student seeking local work around London classes,London; university and neighbourhood unspecified,student job advert minimum availability weekends,en,student job advert minimum availability weekends,evaluation,informational,student-availability,medium,"Can surface requirements, not negotiate them.",Understand employer scheduling demands.,synthetic persona hypothesis,False,hypothesis,,,,
p40,p40-q10,International student seeking local work around London classes,London; university and neighbourhood unspecified,university careers service part time jobs London,en,university careers service part time jobs London,evaluation,navigational,university-jobs,low,Another channel may better serve this need.,Use institutional resources.,synthetic persona hypothesis,False,hypothesis,,,,
p40,p40-q11,International student seeking local work around London classes,London; university and neighbourhood unspecified,free alerts part time retail jobs London,en,free alerts part time retail jobs London,action,commercial,local-job-alerts,medium,Free alerts help only with adequate local inventory.,Follow nearby openings.,synthetic persona hypothesis,False,hypothesis,,,,
p40,p40-q12,International student seeking local work around London classes,London; university and neighbourhood unspecified,who can confirm my permitted work hours student London,en,who can confirm my permitted work hours student London,action,informational,student-work-verification,low,Outside product capability; no legal determination.,Verify personal conditions independently.,synthetic persona hypothesis,False,hypothesis,,,,
p41,p41-q01,US veteran translating logistics leadership into civilian programs,United States; location preference unspecified,program manager jobs USA,en,program manager jobs USA,problem,commercial,us-program-management,high,Role/location search fits.,Survey civilian roles.,synthetic persona hypothesis,False,hypothesis,,,,
p41,p41-q02,US veteran translating logistics leadership into civilian programs,United States; location preference unspecified,logistics manager jobs,en,logistics manager jobs,problem,commercial,logistics-management,high,Occupation discovery fits.,Explore direct functional continuity.,synthetic persona hypothesis,False,hypothesis,,,,
p41,p41-q03,US veteran translating logistics leadership into civilian programs,United States; location preference unspecified,project manager jobs military experience,en,project manager jobs military experience,problem,commercial,military-project-experience,medium,Need qualifications text rather than boilerplate.,Find explicit experience relevance.,synthetic persona hypothesis,False,hypothesis,,,,
p41,p41-q04,US veteran translating logistics leadership into civilian programs,United States; location preference unspecified,military veteran logistics program manager civilian jobs,en,military veteran logistics program manager civilian jobs,discovery,commercial,civilian-logistics-programs,medium,Can overconcentrate on defense.,Locate concrete transition opportunities.,synthetic persona hypothesis,True,serp-observed,https://job-boards.greenhouse.io/andurilindustries/jobs/5204204007?gh_jid=5204204007 | https://pae.wd1.myworkdayjobs.com/Amentum_Careers/job/US-VA-McLean/Logistics-Program-Manager_R0169226,,,
p41,p41-q05,US veteran translating logistics leadership into civilian programs,United States; location preference unspecified,military logistics leadership equivalent experience program manager careers veterans,en,military logistics leadership equivalent experience program manager careers veterans,discovery,commercial,experience-substitution,medium,Description checks help but cannot certify fit.,Check relevant experience acceptance.,synthetic persona hypothesis,True,serp-observed,https://job-boards.greenhouse.io/andurilindustries/jobs/5204204007?gh_jid=5204204007 | https://www.dol.gov/sites/dolgov/files/VETS/files/TAP-EFCT-ParticipantGuide-5.1-J-Fillable.pdf?trk=article-ssr-frontend-pulse_little-text-block,,,
p41,p41-q06,US veteran translating logistics leadership into civilian programs,United States; location preference unspecified,supply chain program manager operations leadership,en,supply chain program manager operations leadership,discovery,commercial,supply-chain-programs,high,Multiple title searches expand discovery.,Use civilian functional vocabulary.,synthetic persona hypothesis,False,hypothesis,,,,
p41,p41-q07,US veteran translating logistics leadership into civilian programs,United States; location preference unspecified,Amazon program manager military logistics careers,en,Amazon program manager military logistics careers,discovery,navigational,target-employer-programs,high,Coverage-dependent monitoring fits.,Check a plausible named employer.,synthetic persona hypothesis,False,hypothesis,,,,
p41,p41-q08,US veteran translating logistics leadership into civilian programs,United States; location preference unspecified,program manager versus project manager job responsibilities,en,program manager versus project manager job responsibilities,evaluation,informational,program-project-duties,medium,A duties-based guide can lead to real searches.,Compare employer expectations.,synthetic persona hypothesis,False,hypothesis,,,,
p41,p41-q09,US veteran translating logistics leadership into civilian programs,United States; location preference unspecified,program manager equivalent experience degree required,en,program manager equivalent experience degree required,evaluation,commercial,program-education-requirements,medium,Must preserve conditions and unknowns.,Find stated alternatives.,synthetic persona hypothesis,False,hypothesis,,,,
p41,p41-q10,US veteran translating logistics leadership into civilian programs,United States; location preference unspecified,operations manager jobs manufacturing civilian,en,operations manager jobs manufacturing civilian,evaluation,commercial,civilian-operations,high,Company/occupation discovery supports breadth.,Look beyond defense.,synthetic persona hypothesis,False,hypothesis,,,,
p41,p41-q11,US veteran translating logistics leadership into civilian programs,United States; location preference unspecified,alerts program management jobs selected companies,en,alerts program management jobs selected companies,action,commercial,program-company-alerts,high,Free saved-search alerts fit.,Monitor targets across title variants.,synthetic persona hypothesis,False,hypothesis,,,,
p41,p41-q12,US veteran translating logistics leadership into civilian programs,United States; location preference unspecified,compare program manager job requirements military experience,en,compare program manager job requirements military experience,action,informational,transferable-experience-fit,medium,Can show source requirements; human assessment still needed.,Decide which applications merit effort.,synthetic persona hypothesis,False,hypothesis,,,,
p42,p42-q01,Eindhoven hardware engineer seeking a reduced workweek,Netherlands; Eindhoven area or feasible EU remote role,hardware engineer jobs Eindhoven,en,hardware engineer jobs Eindhoven,problem,commercial,eindhoven-hardware,high,Role and place filters fit.,Survey local openings.,synthetic persona hypothesis,False,hypothesis,,,,
p42,p42-q02,Eindhoven hardware engineer seeking a reduced workweek,Netherlands; Eindhoven area or feasible EU remote role,semiconductor jobs Netherlands,en,semiconductor jobs Netherlands,problem,commercial,dutch-semiconductor,high,Company discovery is useful.,Explore product employers.,synthetic persona hypothesis,False,hypothesis,,,,
p42,p42-q03,Eindhoven hardware engineer seeking a reduced workweek,Netherlands; Eindhoven area or feasible EU remote role,electronics engineer part time,en,electronics engineer part time,problem,commercial,part-time-electronics,medium,Employment type helps; hours need source detail.,Find reduced workload.,synthetic persona hypothesis,False,hypothesis,,,,
p42,p42-q04,Eindhoven hardware engineer seeking a reduced workweek,Netherlands; Eindhoven area or feasible EU remote role,hardware engineer semiconductor Eindhoven jobs 32 hours English,en,hardware engineer semiconductor Eindhoven jobs 32 hours English,discovery,commercial,32-hour-hardware,medium,Multiple constraints depend on source completeness.,"Combine skill, hours and location.",synthetic persona hypothesis,True,serp-observed,https://www.hightechcampus.com/jobs/test-service-engineer/ | https://evokestaffing.com/nl/vacature/firmware-engineer-eindhoven/,,,
p42,p42-q05,Eindhoven hardware engineer seeking a reduced workweek,Netherlands; Eindhoven area or feasible EU remote role,electronics engineer Netherlands four day week 32 hours not compressed,en,electronics engineer Netherlands four day week 32 hours not compressed,discovery,commercial,reduced-engineering-hours,medium,Pro text checks can inspect explicit wording.,Distinguish reduced from compressed hours.,synthetic persona hypothesis,True,serp-observed,https://www.hightechcampus.com/jobs/test-service-engineer/ | https://4dayweek.io/companies-in-netherlands,,,
p42,p42-q06,Eindhoven hardware engineer seeking a reduced workweek,Netherlands; Eindhoven area or feasible EU remote role,ASML hardware engineer part time careers,en,ASML hardware engineer part time careers,discovery,navigational,named-hardware-employer,high,Monitoring fits if covered; part-time policy not assumed.,Check a plausible known firm.,synthetic persona hypothesis,False,hypothesis,,,,
p42,p42-q07,Eindhoven hardware engineer seeking a reduced workweek,Netherlands; Eindhoven area or feasible EU remote role,32 40 hours job can I work four days,en,32 40 hours job can I work four days,evaluation,informational,hours-range-meaning,medium,Employer confirmation is required for actual arrangement.,Understand an advertised range.,synthetic persona hypothesis,False,hypothesis,,,,
p42,p42-q08,Eindhoven hardware engineer seeking a reduced workweek,Netherlands; Eindhoven area or feasible EU remote role,hardware design engineer remote Europe lab visits,en,hardware design engineer remote Europe lab visits,evaluation,commercial,remote-hardware,medium,Work mode needs lab/travel and country conditions.,Find feasible remote design work.,synthetic persona hypothesis,False,hypothesis,,,,
p42,p42-q09,Eindhoven hardware engineer seeking a reduced workweek,Netherlands; Eindhoven area or feasible EU remote role,4dayweek hardware engineer Netherlands,en,4dayweek hardware engineer Netherlands,evaluation,navigational,four-day-board,low,Competitor navigation primarily serves another site.,Try a specialist alternative.,synthetic persona hypothesis,False,hypothesis,,,,
p42,p42-q10,Eindhoven hardware engineer seeking a reduced workweek,Netherlands; Eindhoven area or feasible EU remote role,semiconductor jobs English Dutch required Eindhoven,en,semiconductor jobs English Dutch required Eindhoven,evaluation,commercial,hardware-language,medium,Posting language does not certify English sufficiency.,Check working-language requirements.,synthetic persona hypothesis,False,hypothesis,,,,
p42,p42-q11,Eindhoven hardware engineer seeking a reduced workweek,Netherlands; Eindhoven area or feasible EU remote role,alerts hardware engineer jobs selected companies Netherlands,en,alerts hardware engineer jobs selected companies Netherlands,action,commercial,hardware-company-alerts,high,Free saved searches directly fit.,Follow the employer shortlist.,synthetic persona hypothesis,False,hypothesis,,,,
p42,p42-q12,Eindhoven hardware engineer seeking a reduced workweek,Netherlands; Eindhoven area or feasible EU remote role,questions recruiter 32 hour contract lab days,en,questions recruiter 32 hour contract lab days,action,informational,hardware-schedule-questions,low,"Search can identify missing details, not negotiate them.",Clarify hours and attendance before switching.,synthetic persona hypothesis,False,hypothesis,,,,
p43,p43-q01,UK QA engineer seeking concrete accessibility policies,United Kingdom,QA automation engineer jobs UK remote hybrid,en,QA automation engineer jobs UK remote hybrid,discovery,transactional,QA UK jobs,high,Role and work-mode filtering fit; coverage needs verification.,Find technical vacancies.,synthetic persona hypothesis,True,hypothesis,,,,
p43,p43-q02,UK QA engineer seeking concrete accessibility policies,United Kingdom,senior test automation engineer jobs UK,en,senior test automation engineer jobs UK,discovery,transactional,test automation jobs,high,Role and seniority filters fit.,Search a common adjacent title.,synthetic persona hypothesis,False,hypothesis,,,,
p43,p43-q03,UK QA engineer seeking concrete accessibility policies,United Kingdom,SDET jobs UK,en,SDET jobs UK,discovery,transactional,SDET jobs,high,Technology and occupation search can support this.,Include software-development-in-test roles.,synthetic persona hypothesis,False,hypothesis,,,,
p43,p43-q04,UK QA engineer seeking concrete accessibility policies,United Kingdom,software engineering interview reasonable adjustments accessibility employer UK careers,en,software engineering interview reasonable adjustments accessibility employer UK careers,problem,informational,interview accessibility,medium,Policy links help; job-text matching is not verification.,Find concrete employer processes.,synthetic persona hypothesis,True,serp-observed,https://www.fca.org.uk/careers/working-here/workplace-adjustments | https://careers.vodafone.com/uk/reasonable-adjustments/ | https://careers.dwp.gov.uk/how-we-recruit/,,,
p43,p43-q05,UK QA engineer seeking concrete accessibility policies,United Kingdom,QA engineer hybrid office attendance policy,en,QA engineer hybrid office attendance policy,evaluation,informational,work-mode detail,medium,Source descriptions can state attendance; gaps remain unknown.,Check team-specific attendance.,synthetic persona hypothesis,False,hypothesis,,,,
p43,p43-q06,UK QA engineer seeking concrete accessibility policies,United Kingdom,employer accessible workplace policy UK tech,en,employer accessible workplace policy UK tech,evaluation,informational,workplace accessibility,medium,A guide can link policies without judging personal suitability.,Compare workplace policies.,synthetic persona hypothesis,False,hypothesis,,,,
p43,p43-q07,UK QA engineer seeking concrete accessibility policies,United Kingdom,technical interview adjustments contact recruiter,en,technical interview adjustments contact recruiter,evaluation,informational,recruitment contact,medium,Useful source-linked information; no messaging service implied.,Find who can confirm arrangements.,synthetic persona hypothesis,False,hypothesis,,,,
p43,p43-q08,UK QA engineer seeking concrete accessibility policies,United Kingdom,DWP Digital test engineer careers,en,DWP Digital test engineer careers,discovery,navigational,known employer roles,medium,Company-first workflow fits after coverage checks.,Inspect a candidate employer.,synthetic persona hypothesis,False,hypothesis,,,,
p43,p43-q09,UK QA engineer seeking concrete accessibility policies,United Kingdom,software engineering assessment format before interview,en,software engineering assessment format before interview,evaluation,informational,assessment transparency,medium,Posting/policy evidence may help but team confirmation matters.,Understand the planned assessment.,synthetic persona hypothesis,False,hypothesis,,,,
p43,p43-q10,UK QA engineer seeking concrete accessibility policies,United Kingdom,remote QA job occasional office visits UK,en,remote QA job occasional office visits UK,problem,transactional,remote exceptions,high,Description criteria fit explicit requirements.,Check exceptions to remote wording.,synthetic persona hypothesis,False,hypothesis,,,,
p43,p43-q11,UK QA engineer seeking concrete accessibility policies,United Kingdom,questions recruiter workplace accessibility hybrid role,en,questions recruiter workplace accessibility hybrid role,action,informational,employer due diligence,medium,Guide and notes fit without assuming needs.,Prepare specific questions about stated needs.,synthetic persona hypothesis,False,hypothesis,,,,
p43,p43-q12,UK QA engineer seeking concrete accessibility policies,United Kingdom,track interview arrangements job applications,en,track interview arrangements job applications,action,commercial,interview notes,medium,Notes fit indexed jobs; external-job import and sensitive-data guarantees are unverified.,Keep agreed arrangements per process.,synthetic persona hypothesis,False,hypothesis,,,,
p44,p44-q01,Ruhr industrial electrician seeking direct permanent employment,Ruhr region; practical local commute required,Elektroniker Betriebstechnik Ruhrgebiet unbefristet Hersteller Stellen,de,industrial electrician Ruhr permanent manufacturer jobs,discovery,transactional,industrial electrician locality,medium,Role/location/employment filters help; employer relationship needs evidence.,Find direct plant roles.,synthetic persona hypothesis,True,serp-observed,https://www.arbeitsagentur.de/jobsuche/jobdetail/10000-1207139411-S | https://jobs.dis-ag.com/job/d5e72ecc-3941-4d7c-871a-261e368f805b/elektronikerin-betriebstechnik-krefeld-26252,,,
p44,p44-q02,Ruhr industrial electrician seeking direct permanent employment,Ruhr region; practical local commute required,Industrieelektriker Jobs Essen,de,industrial electrician jobs Essen,discovery,transactional,electrician locality,medium,Coverage and actual plant location need verification.,Search a local city.,synthetic persona hypothesis,False,hypothesis,,,,
p44,p44-q03,Ruhr industrial electrician seeking direct permanent employment,Ruhr region; practical local commute required,Betriebselektriker Duisburg Stellenangebote,de,plant electrician Duisburg vacancies,discovery,transactional,electrician locality,medium,Locality helps but cannot establish commute.,Explore another nearby area.,synthetic persona hypothesis,False,hypothesis,,,,
p44,p44-q04,Ruhr industrial electrician seeking direct permanent employment,Ruhr region; practical local commute required,Betriebselektriker Ruhrgebiet Direktanstellung Schichtzulagen Schichtsystem Hersteller,de,plant electrician Ruhr direct employment shift supplements shift system manufacturer,evaluation,transactional,direct manufacturing shifts,medium,Description matching can surface explicit terms.,Compare concrete employment terms.,synthetic persona hypothesis,True,serp-observed,https://www.arbeitsagentur.de/jobsuche/jobdetail/10000-1207139411-S | https://www.miebach.de/fileadmin/medienablage/PDF/Stellenausschreibungen/Stellenausschreibung_PZW_Elektriker_Betriebstechnik_Schichtsystem_mwd.pdf,,,
p44,p44-q05,Ruhr industrial electrician seeking direct permanent employment,Ruhr region; practical local commute required,unbefristet Zeitarbeit oder direkt beim Unternehmen,de,permanent agency contract or directly with company,problem,informational,employer identity,medium,"A source-reading guide fits, not legal contract advice.",Distinguish contract relationships.,synthetic persona hypothesis,False,hypothesis,,,,
p44,p44-q06,Ruhr industrial electrician seeking direct permanent employment,Ruhr region; practical local commute required,Elektroniker Chemiewerk Ruhrgebiet Schichtplan,de,electrician chemical plant Ruhr rota,evaluation,transactional,shift evidence,medium,Only stated patterns can be compared.,See an actual rotation.,synthetic persona hypothesis,False,hypothesis,,,,
p44,p44-q07,Ruhr industrial electrician seeking direct permanent employment,Ruhr region; practical local commute required,Elektriker Metallindustrie Schichtzulagen Stellenangebot,de,electrician metal industry shift supplements job advertisement,evaluation,transactional,pay transparency,medium,Source salary facts fit; calculations and guarantees do not.,Compare stated supplements.,synthetic persona hypothesis,False,hypothesis,,,,
p44,p44-q08,Ruhr industrial electrician seeking direct permanent employment,Ruhr region; practical local commute required,Hersteller Dortmund Instandhaltung Elektrik Karriere,de,manufacturer Dortmund electrical maintenance careers,discovery,informational,manufacturer discovery,high,Company-first search becomes useful with named plants.,Build a direct-employer shortlist.,synthetic persona hypothesis,False,hypothesis,,,,
p44,p44-q09,Ruhr industrial electrician seeking direct permanent employment,Ruhr region; practical local commute required,Elektroniker Direktvermittlung keine Arbeitnehmerüberlassung,de,electrician direct placement no agency employment,evaluation,transactional,employment relationship,medium,Do not confuse recruiter involvement with agency employment.,Allow recruitment intermediaries if final employment is direct.,synthetic persona hypothesis,False,hypothesis,,,,
p44,p44-q10,Ruhr industrial electrician seeking direct permanent employment,Ruhr region; practical local commute required,6 Schichtsystem Stellenanzeige Dienstplan Beispiel,de,six-shift system job advertisement rota example,problem,informational,rota clarification,medium,Guide can frame questions without inventing schedules.,Know what to request from a prospective employer.,synthetic persona hypothesis,False,hypothesis,,,,
p44,p44-q11,Ruhr industrial electrician seeking direct permanent employment,Ruhr region; practical local commute required,Fragen Vorstellungsgespräch Betriebselektriker Schicht Zulagen,de,plant electrician interview questions shifts supplements,action,informational,interview due diligence,medium,Interview notes fit indexed roles.,Confirm unresolved terms.,synthetic persona hypothesis,False,hypothesis,,,,
p44,p44-q12,Ruhr industrial electrician seeking direct permanent employment,Ruhr region; practical local commute required,Industrie Elektroniker neue Stellen Ruhrgebiet E-Mail,de,new industrial electrician jobs Ruhr email,action,transactional,plant vacancy alerts,high,Alerts fit after verified employer selection.,Follow researched plants while still employed.,synthetic persona hypothesis,False,hypothesis,,,,
p45,p45-q01,South Africa frontend engineer checking remote country eligibility,Resident in South Africa; seeks remote work from there,frontend engineer remote jobs South Africa,en,frontend engineer remote jobs South Africa,discovery,transactional,South Africa frontend,medium,Role/work-mode/location filters help but labels need checking.,Find geographically relevant roles.,synthetic persona hypothesis,True,serp-observed,https://za.linkedin.com/jobs/front-end-developer-remote-jobs,,,
p45,p45-q02,South Africa frontend engineer checking remote country eligibility,Resident in South Africa; seeks remote work from there,React developer jobs South Africa,en,React developer jobs South Africa,discovery,transactional,React South Africa,high,Technology and location fit if coverage exists.,Search by core technology.,synthetic persona hypothesis,False,hypothesis,,,,
p45,p45-q03,South Africa frontend engineer checking remote country eligibility,Resident in South Africa; seeks remote work from there,remote software engineer jobs EMEA,en,remote software engineer jobs EMEA,discovery,transactional,EMEA engineering,medium,"Regional discovery is useful, eligibility remains unknown.",Broaden the pool.,synthetic persona hypothesis,False,hypothesis,,,,
p45,p45-q04,South Africa frontend engineer checking remote country eligibility,Resident in South Africa; seeks remote work from there,frontend engineer EMEA remote South Africa eligible countries,en,frontend engineer EMEA remote South Africa eligible countries,problem,transactional,remote country evidence,medium,"Description criteria can surface country lists, not certify eligibility.",Find explicit country fit.,synthetic persona hypothesis,True,serp-observed,https://job-boards.eu.greenhouse.io/moniepoint/jobs/4906474101 | https://insense.na.teamtailor.com/jobs/684104-frontend-developer,,,
p45,p45-q05,South Africa frontend engineer checking remote country eligibility,Resident in South Africa; seeks remote work from there,remote frontend jobs South Africa employee not contractor,en,remote frontend jobs South Africa employee not contractor,evaluation,transactional,remote contract type,medium,Employment-type and description evidence help.,Clarify working relationship.,synthetic persona hypothesis,False,hypothesis,,,,
p45,p45-q06,South Africa frontend engineer checking remote country eligibility,Resident in South Africa; seeks remote work from there,does remote EMEA include South Africa job application,en,does remote EMEA include South Africa job application,problem,informational,regional label ambiguity,high,An evidence-focused guide directly addresses this.,Understand ambiguity before applying.,synthetic persona hypothesis,False,hypothesis,,,,
p45,p45-q07,South Africa frontend engineer checking remote country eligibility,Resident in South Africa; seeks remote work from there,React TypeScript remote GMT plus 2 jobs,en,React TypeScript remote GMT plus 2 jobs,evaluation,transactional,timezone compatibility,medium,Hours compatibility is distinct from hireability.,Find compatible collaboration hours.,synthetic persona hypothesis,False,hypothesis,,,,
p45,p45-q08,South Africa frontend engineer checking remote country eligibility,Resident in South Africa; seeks remote work from there,remote developer Europe only South Africa excluded,en,remote developer Europe only South Africa excluded,evaluation,informational,remote exclusions,medium,Source clauses help; missing clauses are not permission.,Recognize country restrictions.,synthetic persona hypothesis,False,hypothesis,,,,
p45,p45-q09,South Africa frontend engineer checking remote country eligibility,Resident in South Africa; seeks remote work from there,companies hiring frontend developers in South Africa remotely,en,companies hiring frontend developers in South Africa remotely,discovery,informational,employer discovery,high,Company selection fits after vacancy-specific evidence.,Build a country-compatible shortlist.,synthetic persona hypothesis,False,hypothesis,,,,
p45,p45-q10,South Africa frontend engineer checking remote country eligibility,Resident in South Africa; seeks remote work from there,mid level frontend remote South Africa three years,en,mid level frontend remote South Africa three years,evaluation,transactional,frontend experience,high,Experience and seniority filters fit stated requirements.,Reduce seniority mismatch.,synthetic persona hypothesis,False,hypothesis,,,,
p45,p45-q11,South Africa frontend engineer checking remote country eligibility,Resident in South Africa; seeks remote work from there,questions recruiter remote job hiring from South Africa,en,questions recruiter remote job hiring from South Africa,action,informational,eligibility confirmation,medium,"Guide and interview notes support questions, not legal decisions.",Confirm country and contract details.,synthetic persona hypothesis,False,hypothesis,,,,
p45,p45-q12,South Africa frontend engineer checking remote country eligibility,Resident in South Africa; seeks remote work from there,new remote React jobs South Africa email,en,new remote React jobs South Africa email,action,transactional,country-aware alerts,medium,Alerts help discovery but cannot promise every match is eligible.,Follow verified relevant employers.,synthetic persona hypothesis,False,hypothesis,,,,
p46,p46-q01,Senior US designer seeking reduced hours with caregiving commitments,United States,senior product designer part time jobs United States,en,senior product designer part time jobs United States,discovery,transactional,US senior design part-time,medium,Employment-type and seniority filters help; hours need reading.,Find reduced-hours senior work.,synthetic persona hypothesis,True,serp-observed,https://www.indeed.com/q-Senior-Product-Designer-l-United-States-jobs.html | https://www.cltexam.com/wp-content/uploads/2026/02/Product-Designer-Part-Time.pdf,,,
p46,p46-q02,Senior US designer seeking reduced hours with caregiving commitments,United States,part time UX designer jobs US,en,part time UX designer jobs US,discovery,transactional,US UX part-time,medium,Occupation filtering helps if scope matches.,Broaden role titles.,synthetic persona hypothesis,False,hypothesis,,,,
p46,p46-q03,Senior US designer seeking reduced hours with caregiving commitments,United States,senior product designer jobs remote US,en,senior product designer jobs remote US,discovery,transactional,US remote design,medium,Remote alone misses the reduced-hours requirement.,Survey employers before narrowing.,synthetic persona hypothesis,False,hypothesis,,,,
p46,p46-q04,Senior US designer seeking reduced hours with caregiving commitments,United States,product designer job share part time 20 hours United States,en,product designer job share part time 20 hours United States,evaluation,transactional,design job share,medium,"Text can identify stated arrangements, not negotiate them.",Find explicit arrangements.,synthetic persona hypothesis,True,serp-observed,https://jobs.gusto.com/postings/serious-development-fractional-product-systems-designer-web-ios-remote-u-s-based-dd6c6ced-eb16-4387-aa85-b3df77ad8dee | https://jobs.lever.co/jobgether/ed113dcf-7c36-47e9-af3c-790e42d52426,,,
p46,p46-q05,Senior US designer seeking reduced hours with caregiving commitments,United States,fractional product designer hours per week,en,fractional product designer hours per week,problem,informational,fractional hours,high,Guide can distinguish hours and duration.,Clarify variable engagement wording.,synthetic persona hypothesis,False,hypothesis,,,,
p46,p46-q06,Senior US designer seeking reduced hours with caregiving commitments,United States,permanent part time senior UX designer,en,permanent part time senior UX designer,evaluation,transactional,ongoing reduced hours,medium,Contract and hours evidence must both be present.,Avoid a short project when seeking stability.,synthetic persona hypothesis,False,hypothesis,,,,
p46,p46-q07,Senior US designer seeking reduced hours with caregiving commitments,United States,product design job share employers US,en,product design job share employers US,evaluation,informational,job-share employers,medium,Company-first fits but verified examples are required.,Build a shortlist with actual policies.,synthetic persona hypothesis,False,hypothesis,,,,
p46,p46-q08,Senior US designer seeking reduced hours with caregiving commitments,United States,remote part time design jobs core meeting hours,en,remote part time design jobs core meeting hours,problem,transactional,meeting commitments,medium,Description matching cannot fill missing meeting expectations.,Check schedule compatibility.,synthetic persona hypothesis,False,hypothesis,,,,
p46,p46-q09,Senior US designer seeking reduced hours with caregiving commitments,United States,senior designer 3 days a week US,en,senior designer 3 days a week US,evaluation,transactional,reduced-week design,medium,"Illustrative search preference, not an assumed caregiving schedule.",Search one plausible reduced-week pattern.,synthetic persona hypothesis,False,hypothesis,,,,
p46,p46-q10,Senior US designer seeking reduced hours with caregiving commitments,United States,part time product design employee vs contract role,en,part time product design employee vs contract role,evaluation,informational,part-time contract distinction,medium,Source terminology helps; no legal advice.,Compare relationship and continuity.,synthetic persona hypothesis,False,hypothesis,,,,
p46,p46-q11,Senior US designer seeking reduced hours with caregiving commitments,United States,questions hiring manager part time design workload,en,questions hiring manager part time design workload,action,informational,workload due diligence,medium,Guide and indexed-job notes fit.,Check how scope scales with hours.,synthetic persona hypothesis,False,hypothesis,,,,
p46,p46-q12,Senior US designer seeking reduced hours with caregiving commitments,United States,new part time design jobs selected companies,en,new part time design jobs selected companies,action,transactional,target employer alerts,high,Monitoring fits low urgency after company and role verification.,Follow researched employers selectively.,synthetic persona hypothesis,False,hypothesis,,,,
p47,p47-q01,German marketing coordinator switching into paid performance marketing,Germany; no specific city assumed,Performance Marketing Jobs Deutschland,de,performance marketing jobs Germany,discovery,transactional,marketing jobs Germany,high,Role/location filters fit.,Survey paid roles.,synthetic persona hypothesis,False,hypothesis,,,,
p47,p47-q02,German marketing coordinator switching into paid performance marketing,Germany; no specific city assumed,Junior Online Marketing Jobs,de,junior online marketing jobs,discovery,transactional,junior marketing jobs,medium,Broad titles can include unsuitable duties.,Include adjacent titles.,synthetic persona hypothesis,False,hypothesis,,,,
p47,p47-q03,German marketing coordinator switching into paid performance marketing,Germany; no specific city assumed,SEA Junior Stellenangebote,de,junior search advertising vacancies,discovery,transactional,junior SEA,high,Role and technology-related criteria can help.,Search a specific specialization.,synthetic persona hypothesis,False,hypothesis,,,,
p47,p47-q04,German marketing coordinator switching into paid performance marketing,Germany; no specific city assumed,Junior Performance Marketing Jobs Quereinsteiger ohne Studium,de,junior performance marketing career-change jobs without degree,discovery,transactional,non-degree entry jobs,medium,Text evidence is needed beyond junior labels.,Find alternative entry paths.,synthetic persona hypothesis,True,serp-observed,https://join.com/companies/cyrusdigital/16700078-performance-marketing-manager-quereinsteiger-m-w-d-muenchen | https://de.indeed.com/q-quereinsteiger-performance-marketing-jobs.html | https://www.jobscout24.ch/de/job/15f57f09-e030-4a6f-ba19-6f80cfb84fa2/,,,
p47,p47-q05,German marketing coordinator switching into paid performance marketing,Germany; no specific city assumed,Performance Marketing Einstieg ohne Studium bezahlte Stelle kein Praktikum Zertifikat Portfolio,de,performance marketing entry without degree paid job no internship certificate portfolio,problem,transactional,paid career-change roles,medium,Employment-type filters and source reading help.,Separate work from training and unpaid routes.,synthetic persona hypothesis,True,serp-observed,https://join.com/companies/cyrusdigital/16700078-performance-marketing-manager-quereinsteiger-m-w-d-muenchen | https://join.com/companies/starttofinish1/16087803-junior-performance-marketing-manager-m-w-d,,,
p47,p47-q06,German marketing coordinator switching into paid performance marketing,Germany; no specific city assumed,Marketing Stelle Studium oder vergleichbare Qualifikation,de,marketing job degree or equivalent qualification,evaluation,informational,qualification wording,medium,Guide can explain wording without certifying equivalence.,Interpret alternative requirements.,synthetic persona hypothesis,False,hypothesis,,,,
p47,p47-q07,German marketing coordinator switching into paid performance marketing,Germany; no specific city assumed,Junior Performance Marketing Festanstellung kein Werkstudent,de,junior performance marketing employment not student job,evaluation,transactional,employment type mismatch,high,Employment filters fit explicit contract types.,Exclude enrollment-only routes.,synthetic persona hypothesis,False,hypothesis,,,,
p47,p47-q08,German marketing coordinator switching into paid performance marketing,Germany; no specific city assumed,Marketing Quereinsteiger Stellenanzeige Weiterbildung erkennen,de,identify training disguised as marketing career-change job advertisement,problem,informational,job versus training,high,Source-backed guide fits this problem.,Avoid unwanted course funnels.,synthetic persona hypothesis,False,hypothesis,,,,
p47,p47-q09,German marketing coordinator switching into paid performance marketing,Germany; no specific city assumed,Google Ads Zertifikat Portfolio Bewerbung Marketing,de,Google Ads certificate portfolio marketing application,evaluation,informational,portfolio application,low,No application coaching or portfolio review is demonstrated.,Present existing evidence.,synthetic persona hypothesis,False,hypothesis,,,,
p47,p47-q10,German marketing coordinator switching into paid performance marketing,Germany; no specific city assumed,Performance Marketing Agentur Junior Einarbeitung,de,performance marketing agency junior onboarding,discovery,transactional,supported junior roles,medium,Description criteria can surface explicit onboarding.,Find employer-provided development.,synthetic persona hypothesis,False,hypothesis,,,,
p47,p47-q11,German marketing coordinator switching into paid performance marketing,Germany; no specific city assumed,Junior Paid Social Kampagnen Analyse keine Telefonakquise,de,junior paid social campaign analysis no cold calling,evaluation,transactional,role substance,high,Description matching fits stated duties.,Check actual day-to-day work.,synthetic persona hypothesis,False,hypothesis,,,,
p47,p47-q12,German marketing coordinator switching into paid performance marketing,Germany; no specific city assumed,kostenlos Marketing Jobs suchen ohne Abo,de,search marketing jobs free without subscription,action,commercial,free job search,high,Free search matches; premium matching remains optional.,Avoid added search costs.,synthetic persona hypothesis,False,hypothesis,,,,
p48,p48-q01,London startup generalist rebuilding a search after closure,London,Chief of Staff BizOps startup jobs London,en,Chief of Staff BizOps startup jobs London,discovery,transactional,London startup operations,high,Role/location discovery fits with title breadth.,Find comparable operating roles.,synthetic persona hypothesis,True,serp-observed,https://www.bizops.network/jobs-new | https://uk.linkedin.com/jobs/view/expert-opportunity-chief-of-staff-business-operations-lead-%2480-hr-up-to-%241-600-week-at-ethos-4439566654 | https://cassi-ai.com/job/chief-of-staff/,,,
p48,p48-q02,London startup generalist rebuilding a search after closure,London,business operations jobs London startup,en,business operations jobs London startup,discovery,transactional,BizOps locality,high,Description criteria help identify actual duties.,Search a common alternative title.,synthetic persona hypothesis,False,hypothesis,,,,
p48,p48-q03,London startup generalist rebuilding a search after closure,London,founders associate jobs London,en,founders associate jobs London,discovery,transactional,founder office roles,medium,Seniority and scope vary despite related work.,Explore founder-facing roles.,synthetic persona hypothesis,False,hypothesis,,,,
p48,p48-q04,London startup generalist rebuilding a search after closure,London,startup job candidate questions funding runway chief of staff London early stage,en,startup job candidate questions funding runway chief of staff London early stage,problem,informational,startup employer evidence,medium,Guide fits; private financial verification does not.,Prepare employer due diligence.,synthetic persona hypothesis,True,serp-observed,https://www.outsetcapital.com/blog/chief-of-staff-guide,,,
p48,p48-q05,London startup generalist rebuilding a search after closure,London,Chief of Staff versus executive assistant job description,en,Chief of Staff versus executive assistant job description,evaluation,informational,title ambiguity,high,Source responsibilities can support distinctions without devaluing roles.,Understand actual scope.,synthetic persona hypothesis,False,hypothesis,,,,
p48,p48-q06,London startup generalist rebuilding a search after closure,London,strategy operations seed startup London jobs,en,strategy operations seed startup London jobs,discovery,transactional,early-stage operations,medium,Stage must be sourced; not a proven structured filter.,Focus on early company stage.,synthetic persona hypothesis,False,hypothesis,,,,
p48,p48-q07,London startup generalist rebuilding a search after closure,London,London startup operations recently funded companies,en,London startup operations recently funded companies,evaluation,informational,funding employer discovery,medium,"Requires dated external evidence, not job-text certainty.",Build a candidate employer list.,synthetic persona hypothesis,False,hypothesis,,,,
p48,p48-q08,London startup generalist rebuilding a search after closure,London,BizOps jobs startup experience no consulting requirement,en,BizOps jobs startup experience no consulting requirement,evaluation,transactional,background requirements,high,Required/preferred description distinctions help.,Find roles accepting operator backgrounds.,synthetic persona hypothesis,False,hypothesis,,,,
p48,p48-q09,London startup generalist rebuilding a search after closure,London,startup funding announcement does not show runway job offer,en,startup funding announcement does not show runway job offer,problem,informational,funding limits,medium,Guide can explain evidence gaps without financial advice.,Avoid equating fundraising with safety.,synthetic persona hypothesis,False,hypothesis,,,,
p48,p48-q10,London startup generalist rebuilding a search after closure,London,Chief of Staff London first operations hire responsibilities,en,Chief of Staff London first operations hire responsibilities,evaluation,transactional,first operator scope,high,Description matching fits explicit responsibilities.,Find hands-on early-stage work.,synthetic persona hypothesis,False,hypothesis,,,,
p48,p48-q11,London startup generalist rebuilding a search after closure,London,questions founder before joining early stage startup,en,questions founder before joining early stage startup,action,informational,founder interview,medium,"Guide and notes support conversations, not assurance.",Confirm scope and employer context.,synthetic persona hypothesis,False,hypothesis,,,,
p48,p48-q12,London startup generalist rebuilding a search after closure,London,track startup job interviews founder notes,en,track startup job interviews founder notes,action,commercial,interview notes,medium,Notes fit indexed roles; external manual records are unproven.,Compare founder discussions.,synthetic persona hypothesis,False,hypothesis,,,,
p49,p49-q01,UK university careers adviser evaluating student self-service tools,United Kingdom,free job search tools university students UK careers service,en,free job search tools university students UK careers service,discovery,informational,student free resources,medium,Free individual tools may fit; institutional features are absent.,Find resources worth referring.,synthetic persona hypothesis,True,serp-observed,https://www.ncl.ac.uk/careers/support-and-resources/online-resources/tools/ | https://nationalcareers.service.gov.uk/,,,
p49,p49-q02,UK university careers adviser evaluating student self-service tools,United Kingdom,graduate job websites UK,en,graduate job websites UK,discovery,informational,graduate sources,medium,Coverage must be shown rather than assumed.,Review broad vacancy sources.,synthetic persona hypothesis,False,hypothesis,,,,
p49,p49-q03,UK university careers adviser evaluating student self-service tools,United Kingdom,job search resources for students,en,job search resources for students,discovery,informational,student guidance,medium,A public walkthrough can support independent use.,Build a useful resource list.,synthetic persona hypothesis,False,hypothesis,,,,
p49,p49-q04,UK university careers adviser evaluating student self-service tools,United Kingdom,university careers service free job application tracker students spreadsheet,en,university careers service free job application tracker students spreadsheet,evaluation,commercial,student tracker alternatives,medium,Job Seek tracks indexed jobs; spreadsheets can hold arbitrary applications.,Compare student-controlled tracking options.,synthetic persona hypothesis,True,serp-observed,https://careertools.binghamton.edu/resources/manage-your-applications-efficiently-with-these-free-tools/ | https://sites.google.com/cornell.edu/job-recruitment-tools/application-tracker,,,
p49,p49-q05,UK university careers adviser evaluating student self-service tools,United Kingdom,job search tools free after graduation,en,job search tools free after graduation,evaluation,commercial,access continuity,high,Public free features can be explained with current limits.,Avoid institution-only access assumptions.,synthetic persona hypothesis,False,hypothesis,,,,
p49,p49-q06,UK university careers adviser evaluating student self-service tools,United Kingdom,free job tracker trial versus free account,en,free job tracker trial versus free account,problem,informational,free-feature boundaries,high,Clear separation of free core and paid description matching fits.,Clarify ongoing cost.,synthetic persona hypothesis,False,hypothesis,,,,
p49,p49-q07,UK university careers adviser evaluating student self-service tools,United Kingdom,career tool student privacy policy account requirements,en,career tool student privacy policy account requirements,evaluation,informational,tool due diligence,medium,Requires actual policies; no compliance assurance implied.,Evaluate published information before referral.,synthetic persona hypothesis,False,hypothesis,,,,
p49,p49-q08,UK university careers adviser evaluating student self-service tools,United Kingdom,accessible job search websites students,en,accessible job search websites students,evaluation,informational,tool accessibility,medium,Own product accessibility needs testing.,Check usability across students.,synthetic persona hypothesis,False,hypothesis,,,,
p49,p49-q09,UK university careers adviser evaluating student self-service tools,United Kingdom,how students find employers beyond graduate schemes,en,how students find employers beyond graduate schemes,problem,informational,employer discovery education,high,Company-first discovery can be taught through examples.,Teach employer exploration.,synthetic persona hypothesis,False,hypothesis,,,,
p49,p49-q10,UK university careers adviser evaluating student self-service tools,United Kingdom,free job tracker no university email required,en,free job tracker no university email required,evaluation,commercial,independent access,high,Individual account flow should be verified and explained.,Find an independently accessible option.,synthetic persona hypothesis,False,hypothesis,,,,
p49,p49-q11,UK university careers adviser evaluating student self-service tools,United Kingdom,job search workshop company research activity students,en,job search workshop company research activity students,action,informational,workshop resource,medium,No bulk accounts or student monitoring needed.,Use a public demonstration in guidance.,synthetic persona hypothesis,False,hypothesis,,,,
p49,p49-q12,UK university careers adviser evaluating student self-service tools,United Kingdom,Job Seek free features application tracker,en,Job Seek free features application tracker,action,navigational,branded referral evaluation,high,Only a post-awareness search; not evidence of existing demand.,Verify claims after discovering the tool.,synthetic persona hypothesis,False,hypothesis,,,,
p50,p50-q01,Ticino pharma quality and regulatory specialist,Lives in Ticino; selectively considers Switzerland and northern Italy,quality assurance regulatory affairs farmaceutico Ticino lavoro,it,pharmaceutical quality assurance regulatory affairs jobs Ticino,discovery,transactional,Ticino pharma QA RA,high,Role/location discovery fits with sector verification.,Find relevant regional functions.,synthetic persona hypothesis,True,serp-observed,https://www.orienta.ch/it/orienta-job/offerta-di-lavoro/regulatory-affairs-specialist/162192.html?cHash=82ae544a016674b6489e82b2e0c89120 | https://svlaboratoires.ch/careers/ | https://it.indeed.com/q-quality-assurance-farmaceutico-l-santo-stefano-ticino%2C-lombardia-offerte-lavoro.html?l=santo+stefano+ticino%2C+lombardia&q=quality+assurance+farmaceutico,,,
p50,p50-q02,Ticino pharma quality and regulatory specialist,Lives in Ticino; selectively considers Switzerland and northern Italy,offerte lavoro affari regolatori Lugano,it,regulatory affairs jobs Lugano,discovery,transactional,regulatory locality,high,Role and locality filters help.,Use the Italian function name.,synthetic persona hypothesis,False,hypothesis,,,,
p50,p50-q03,Ticino pharma quality and regulatory specialist,Lives in Ticino; selectively considers Switzerland and northern Italy,pharma quality assurance jobs Switzerland,en,pharma quality assurance jobs Switzerland,discovery,transactional,Swiss pharma quality,high,Posting-language and role search fit; working languages need checking.,Include English advertisements.,synthetic persona hypothesis,False,hypothesis,,,,
p50,p50-q04,Ticino pharma quality and regulatory specialist,Lives in Ticino; selectively considers Switzerland and northern Italy,quality assurance regulatory affairs Ticino 80 100 limited travel,en,quality assurance regulatory affairs Ticino 80 100 limited travel,evaluation,transactional,workload travel fit,medium,Description criteria help only when details exist.,Intersect workload and travel criteria.,synthetic persona hypothesis,True,serp-observed,https://www.orienta.ch/it/orienta-job/offerta-di-lavoro/regulatory-affairs-specialist/162192.html?cHash=82ae544a016674b6489e82b2e0c89120 | https://svlaboratoires.ch/careers/ | https://frontaliereticino.ch/en/find-jobs-ticino/search-regulatory-affairs-specialist/,,,
p50,p50-q05,Ticino pharma quality and regulatory specialist,Lives in Ticino; selectively considers Switzerland and northern Italy,regulatory affairs farmaceutico Lombardia offerte,it,pharmaceutical regulatory affairs Lombardy jobs,discovery,transactional,northern Italy regulatory,high,Separate geographic searches avoid Ticino ambiguity.,Explore northern Italy deliberately.,synthetic persona hypothesis,False,hypothesis,,,,
p50,p50-q06,Ticino pharma quality and regulatory specialist,Lives in Ticino; selectively considers Switzerland and northern Italy,quality assurance pharma 80% Ticino,it,pharma quality assurance 80 percent Ticino,evaluation,transactional,workload percentage,medium,Part-time labels do not prove a specific percentage.,Check a reduced-workload option.,synthetic persona hypothesis,False,hypothesis,,,,
p50,p50-q07,Ticino pharma quality and regulatory specialist,Lives in Ticino; selectively considers Switzerland and northern Italy,quality assurance quality control laboratorio differenza offerte lavoro,it,quality assurance versus laboratory quality control job postings,problem,informational,quality function ambiguity,high,Responsibilities can clarify function; no regulatory guidance needed.,Avoid laboratory-role mismatch.,synthetic persona hypothesis,False,hypothesis,,,,
p50,p50-q08,Ticino pharma quality and regulatory specialist,Lives in Ticino; selectively considers Switzerland and northern Italy,regulatory affairs specialist trasferte limitate,it,regulatory affairs specialist limited travel,evaluation,transactional,travel constraint,medium,Missing frequency stays unknown.,Find explicit travel wording.,synthetic persona hypothesis,False,hypothesis,,,,
p50,p50-q09,Ticino pharma quality and regulatory specialist,Lives in Ticino; selectively considers Switzerland and northern Italy,pharma quality assurance supplier audits travel percentage,en,pharma quality assurance supplier audits travel percentage,evaluation,informational,audit travel detail,medium,Source descriptions and recruiter questions help; audits alone do not quantify travel.,Check travel implicit in audit duties.,synthetic persona hypothesis,False,hypothesis,,,,
p50,p50-q10,Ticino pharma quality and regulatory specialist,Lives in Ticino; selectively considers Switzerland and northern Italy,Sintetica Mendrisio regulatory affairs careers,en,Sintetica Mendrisio regulatory affairs careers,discovery,navigational,known employer roles,medium,Employer monitoring fits if coverage and live roles are confirmed.,Check a plausible target employer.,synthetic persona hypothesis,False,hypothesis,,,,
p50,p50-q11,Ticino pharma quality and regulatory specialist,Lives in Ticino; selectively considers Switzerland and northern Italy,domande colloquio quality assurance orario trasferte,it,quality assurance interview questions hours travel,action,informational,interview due diligence,medium,Notes support indexed-role comparisons.,Confirm workload and visit expectations.,synthetic persona hypothesis,False,hypothesis,,,,
p50,p50-q12,Ticino pharma quality and regulatory specialist,Lives in Ticino; selectively considers Switzerland and northern Italy,nuove posizioni regulatory affairs aziende farmaceutiche Ticino email,it,new regulatory affairs pharmaceutical company roles Ticino email,action,transactional,target pharma alerts,high,Selective monitoring fits this employed searcher.,Monitor a small researched shortlist.,synthetic persona hypothesis,False,hypothesis,,,,
